B,D
A,F,B,C,A,A
C,F,F,C,F,C
E,F,G
E,C,B,B,A
G
C,C,A
F,E,C,G,C,G,C
B,B,F,C,F,C,F
C,F
F,G,C,B
A,C,F
G,E
E
C,F,G
F
C,F,A,F,C
C,F,E,B
E
C,A,F,C,C
D,F
F,C,F,B,C,F
F,C,C,C,E,C,A
C,C,G,F
B,G,F
A,B,F,C,G,B
C,C,A
C
C,C,F,C,C,F
C,G,F,F,E
C,D
C,A,B,G,F,G
C,C,F,C,G,B,G
F,C,F
E
E,F,C,F,C
C,C,F,C,E
F
C,F,B,B
B,C,G,G,G,D
G
C,E,A,C
F,A,D,F,A,B
E,F,B,C,C,B,B
C,E,F,C
D,F,F,F,F,G,B
G,C
G
C,D,C,C,A,F
F,B,C
A,C,C,A,B,A,C
F,F,A,B
G,F,A,B,F
B
A,F,G,G
E,C,F,G,B,F,F
C,C,E,B,C,F,G
E,G,G,F,B
F,F,F,C,F,E
E,G,E,F
C
F,C,C,C,E,F,E
C,C,C,C
A,C,B,G,C,C
C,G,A,F,B
C,C
F,C,A,B,G,B,A
B,F,F,G
G,A
F,E
F,D,C,C,C,C,F
D,E,C,F
A,B,B
F,B,C,B
C,A
C,F,E,E,G
F,F,B,D,F,G,C
A,C,C
C,C,A,G,C,F
F,G,E,C
C,B,B
F
E
B,F,G,A,E
C,C,F,C,A,B,A
F,E,A,G,B,C
A
C
C,F,D,B,C
G,F,G,B,B,E,G
F,D,E,F,F,C,G
C,F,C,A,C
B,G,F,F,B,F
F
C,A,A,G
F,C,B,C
E,F,F
C,G,E
C,B
F,G,A
G,B,D,G,F,F,E
C,B,G
B,A,F,C
F,F,C,F,B,B
G
A,C,C,C,E,C
D,F,C,F,F
D,B,E,C,C
C,F,E,C,C,E
E,C,F,B
F,F
G,E
F,C
F,F,B,C,B
F,C,F,E,C
B,B,E
F,B,A
G,F,C,E,F
A
A,C,F,A,F,F
F
C,A,C
F,F,B,F,C,B
F,C,C,E,G
F
G,G,E,F,F
F,F,G,G,F,D
F,C
G,E,E,C,C,C,F
F,G,C,F
G,E,F,C,C,F
F,A,C,A,A,C,G
F,C
B
D,D
F,G,C,C,G,E
C,F,B,F,E,F,F
B,F,B,G
F,F,F,F
E,G,C,B,C
C,F,E
C,C
C
A,G,F,C,C
C
B
F,C,A,C,F,C
C,F,C,F
C,F,F,C,F,E,E
E,G,F
B,F,B,E,B,G
F,G
D,G
B,E,F
C,F
E,G,B,G,F
G,C
C,C,F,E,A
B,C,C,F,F
E
E,F,B,C,B
G
B,C,C,C,F,B
F,E,C,B
G,A,C,C,B,F
C,F,F,C,B,C,C
C
C,E,G,F,C
B,A,B,F,G,G,E
B
E,C,C,G,F
A,G,G,G,B,C
G,E,C,C,F,B
E,C,F,G,A,F,E
F,F,F
F,F,F
F,B,G,C,B
C
E,F,D,C
C,F,B
B,G,C,E,F,B
F,F,B,F,C,C,C
C,G,C
B,A,C,C,D
E
C,F,B,A
C,B
E,F,C,G,E
B,C,A,F,B,C,F
C,E,F,B,E,E,F
C,B,F
F,F,E,G,F,C,B
D
G,C,G,E,C,B
A,G,C
G,B,E,B,F,C,C
C,A,B
C,E,F,E,C
F,F,F,C,G,B,F
G,F
B,F,G,C,C,F,F
C,C,F
C,C,C,E,G,C
G
E,B,G,F,D,G
C,F
E,G,G,G,D,A
F
F,F,A,G,C,D,B
F,E,F,G,B
C,B,C,C,F
G,F
G,F
C,B
D,E,F
F,B,F,E,C
C,E,A,E,C
F,C,B,C,G,F,E
A,F,C
F,C,F,C
C,A
E,G,F,F,A,C
A,E,C,C,C,F
F,C,C,E,G,C
F,F,B,E,A,D
F,C,E,C
C,C,C,B
F,F,C,C
A
F,G,G,E,F
G,A,E
C,C,B,G
C,C,D,G,B,C,C
D
C,F
G,C,F,C,G
C,F
E,G,C,F
A,F,A
B,C,F,G,C
C,A
C,B,F
B,F,G,G
C,A,D,G,C,C,C
G,F,F,C,E
C,G,E
G,A
E,F,C,F
A
F,F,E,C,C,G,E
F,F,F,E,C
E,C,D,B,B
F,F,F,B,F
C,C,C,F,C
C,F,G,C
F
C,C
C,F,C,C,F
F,F,A
F,A,E,E,B,D
C,F,E,B,B,F
A,A,E,C,C
G,B,C,F,F
F,F,B,C,D,F
F
B,G,F,G,C,A
C,B,C,B
C,C,B
C,C
C,G,G,C
F,C,C,C,C
F
C,F,B
D,E,A
G,C,C,F,F,F,B
C
F,C
G,F,E
F,C
E,F
A,C,F,A,B,D
C,F
F,F,F
F,G,G
G,F,F,G,B
F,F,C,C
C,B,D,E,F,C
D,A,C,A
A,C,C
F
F,C,C,G,C,F
C,D
C,E,B,G,A,C
F
F,A,E,B,F,B
C,C,E,C,F,C
E,G,D,F
F,A,C,C
C,E,C,G,F,G,B
G,A,F,C,C
F,E,B,B
C,F,E,C,A,F,A
G,E
E,F,F,A,E,D
B,A,C,F,C,C,A
B
G,C,C,C,B,B
G,C,F,E
F,G,C,F,F,F,C
F,C,D,C,G,B,B
C,A,C
F,A
A,D,E
F,E,C,B,C
F,C
E,G,G,C,G,G,G
B,F,A,F
E,C,F,B,F,B
F,D,G,E,C,B,C
G,F,F,F
A,F,C,C,C,C,F
G,F
F,A,D,G
D,C,E,C,D,B
B,F
C,A,G,A,A,E
F,C,A,E
C,D,C,G,C,F
C
C,F,G,C,B,B,A
C,F,G,G
C,C,G,G,C
F,C
C,E,B,E,F,F,F
F,C,C,F,F
A
D,F,C,E,G,F,C
B,C,F,F,C
C,G,B,C,E,C,E
C,F,F,C
G,G,G,F,C,F
C,C,D,F,B,C,B
B,C,C,F,C,B,F
B,E,E,F,A,C
E,B,B,C
C,E,F
B,G,G,G
F,F,E,A
F,G,F,C,E,C,E
C,C,G,C,F
B,A,F,A
C,G,C
C,C,F
F,G,F
E,F,F
C
C,D,C,C
A,B,A
G,F,C,F,G
C,E,C,F
C,C
B,F,B,F,A
C,C,E,C,C
G,F,D,C,C,B,C
E,B,B,A,C,F
D,C,C,B,G
F,A
B,A,F,C,C,C
C,A,F,C
C
F,F,A,B
C,C,C,G,C,F
A
B,F,A,B
F,G,C,A
F,F,D,C,F,D,B
E,G,F,C,D,F
F,G,E,C,E,C
A,C,D,E,G
F,C,G,B,C,C,F
E,C,F
B,G,C
G,C,G,G
D,C,G,E,G
A,F,G,G,A
F,G
F,A,G
G,E,B,G,C,F,C
C,F,D,C,A,B
C
D,E,F,D
B,D,F,C,C
A,G,F,C,B,G,F
C,F,F,F
B,F,C,F,E,F
F,C
B,F,D,F,F,F
F,F,E,C,B,F,C
G,G,C,B,A
B,B,G,C,C
F
D,G,G,F,D,G
C,C,G
E,B,F,F,E,F,F
C
B
F,C,C,F,F,C
F,F,A,F
C,A,F,D,C
C,C,B,C,C
B,E,C,E,F
G
B,C,C
F,A,F,F,G,C,E
G,B
C,F,C
B,F,B,C,C
G,G,F,C,C
C,F,D,C,B
E,C,C
B,D,C,F,C,G,C
F,C,F,F,C,C
G,G
C,F,F,C,F,E
D
G,C,E,F,D,G
B,E,E,C,G,C
F,E,F
G,F,F,C,C,A,C
A,A,B,C,E
F,C,F,C
F,C,F,G,E,F
F,E
B,C,D
F,F,G,B,G,E,F
C,C,A,A,F,C
E,B
C,B,F,C
B,F
F,C,G,F
E
G,A,F
G,B,F,F
C,E,C,B,G,C,D
C
C
F,C,F,C,A,D,G
F,C,F,F,F,F,C
B,C
F,C,B,E,C,B,A
F,F,F,C
B,B,B,C
G,C,G,F,B,B,C
C,G,E,C,F
C,C,F,C,C
A,C,C,E,B,F,C
C
E,G,C,C
F,C,F,A,F,G,C
F,A,C,C,G,C,F
C,C,E,C,F
B,C,E,F,B,F
F,F,D,G,C,B
D,B,G,C
G,G,B,G,C,G
G,F
C,G,F
A,F,F
F,F,G
F,D
C,B,A,C,B,G
F,F,F,C,F,F
E,G,C,F
F,C,F,A,D
C,B,C,G,F,E,F
E,C
C
E
F,C,A,B,A,A,B
F,D
F,G,C,C,B,E
B
F,C,C,C,C
C,E,F,C,C,F,F
G,D,D,C
B,B
F,C,B,A,B,C
F,G
G,F,C,B,C,C
G,E,F,G,C,B
G,G,C,C,G
C,F,F,C,D,B
A
F,F,F
A
A,F
C,F,E,F,F,F
G
D,G,B,C,E,D
A,F
C,C
A,C,G,F,C,F
A,B,G,C,F
F,A,A
G,E,F,F,F,B
G,C,F,C,C
E,G,C,B
C,A,B,F,B,F
C
F,B,C,C,G,B
B,F,B
C,C,C,C,C
F,F
G,B,F
C,C,F,F,G
F,B,F,B,D,C,G
F,C
F,C,C,F,G,F,C
F
B,E,F
C,G,C,E,G,C,C
C,F,C,A,C
F,G,B,E,C
C,A,A,F,B
C,C,F
G,F,G,E,C
F,G,A
G,G,G,F,C,F
F
F
B,C,C,G,A,E,E
F,F,A,F
C,B
F,D,C
C,E
B,A,A
G,C
E,E,A
C,D,C
E
E,B,A,G,G
C,E,D,A
A
G,A,F,C,B,G,F
C,F
D,B,C,C,F
C,G,B,G
E
C,A,C,F,F,G,F
C
F,F
F,C,F,C,E,F,G
C,F,E
A,C,C
F,C,C,F,G,C,F
A,G,A
G,G
C,B,E,F,C,A
C,F,C,F
D,F,G,B,F,C,F
C,C
A,B,G,A,C
E,B,A,C,A,B,F
F,B,A,A,C,G
C,C,A,F,F,F
A,E,A,C,C,F,E
F,C,C
A,B,A
F,F,C,B
C,B
G
B,C,F,B,C,F,C
F
A,C,C,G
D,E,B,G,C,D,C
G
G,C
F,A,G,G,G
C,B,B,E
B
G,B,F
A,G,E
A,C,F,D,C
C,C,B,G,C
G,C,C,F
C,E,C,B,G
C,B,F,F
E,G,B
F,E
A,E,D
F,D,F,F,F,A
C,C,B,C
C,C,G,C,D,A,F
F,B,A,C,F
D
B,C,F,C,C
C,B,E,C,G,C
B,E,C
A,C
F,C
F,E,B,F,C,F,C
F,F
F
D,C,F,G,F,D
C,E,C,A,B
C,C,F,A,C,E,C
E
B,D
F,B
E
D,D,C,G,F
F,C,A,F,C,F
G,F,F,G
G,C,D,B,G,C,C
C,E
B,C,F
G,F,F
G,C,C,C
C,G,G,B,G,E
B,C,A
F,E,A,B,C,F
E,F,C,C,F
C,C,B
B,B,C,G,F,C
D,C
F,F,B,C,F,F
B,F,C,G
F,E,F,G,C,C
G,F,G,B
F,F
E
D,G
C,B,C,E
A,F,C,E
B,B,C,C
E,F
C,F
C,F
A,C,G,G,A
F,F
C,A,D,C,F,A
B,G,F,C
B,F,D,E
E,B,F,B,F,F
E,F,C,B,C
F,C,C,C,B
D,C,C,F,D,F
F,F,C,C,C,F,D
C,F
E,F,G
E
C,B,C,C,C,G
A,C,B,F,C
B,F,B
A,A,F
F,A
B,F,G,F,C
F,C,F,C
G,C,B
A,C,A,E
G,A
A,C,A,E,D
G,C
G,G,C,E
F,E
E,A,G
C,F,G,C,F,B,G
A
B,F,D,C,C,E,C
F,G
G,C,C
C,E,C,F
B,C,F
E,B,C,B
G,B,C,C
C,A,C
F,E,F,B,F,A,B
F
F
E,B,F,C,F,F,B
C,G,F,E
C,F,B,E,E,C
C
F,D,C,D,A
B,E,F,B,C
G,A,E,C,C,F
C,A,E,F,G,F
B,B,F,F,B,F,B
E,B
A,F
E,A,C,F,D,C
F,F,C,B,E
B,E,F
E,F,G
C,F,F,B,A,F
F
C,D
C
C,F,C,E,C,F
B,C,C,F,F,B,F
E,C,F,A,F,G
F,F,B,E,D
F
A,F,C,G,D,B
F,B,A,G
A,G,C,C,C,D,B
C,F,C,A,F
B,E,B
A,A
F,A,E,F
F,A,A,F,F
G
G,D,C,F
C,D,E,F,E,D,F
F,C,E
A
G,F
C,F,E,A,G,B,C
F,F,B,C,C,A
C,F,G
C,C,F,A,B,C
A
B,F,C,C
B,F,F,F,A,B
C,A,F,B,F,C,G
C,C,C
A,A,A,C,C
D,G,G,E
G,B,F,F,G,F
G,F
C,C,F,F,A,E,D
C,E,E,F,C
G,F,F,D,F,F
G,A,C
G,C,C,D,C
F,F,C,C,F,B
G,F
F,C,C,C
F
F,F
C,F,B,F,C
E,B,F,G,A
E
C,C
D,C,A,C,C,G,F
G,C,G,B
C
G,A,F,F
D,B,C,E,F,F,C
F,F,A,F,E,E
A,E,G,F,C
F,B,F,C,G,F
B,C,F,C,A,F,C
C
G,F,F
F,F
G,A,G,F
A,C,C
F
F,C,C
E,F,B,G
C,F,G,F
A
F,C
G,C,G
A
C
C,C,F,A,E,F
F,C
A,C,A
G,F,C,F,C
E,B,C,C,F,G,B
G,G,C,B,E,D,G
C,B
C,G,G,F,B,C,D
C,F
B,B,E,C
C,F,G,A,B
B,F
C,F
B,G,B,E,C,B,D
F,C
C,E,G,C,F
F,C,C,F,B
C,G,C
B,C,C,C,G
E,F
C
G,E,A,G,F,B,G
A,D
F,C,E,C,C
A,C,F,C
G
B,F,F,C,G,F
G,F,E,C,C,A
C,B,C,C,G,B,C
A,B,F,C,C
C,E,C,G,E,C,F
C,G,G
G,B,F,B,C,A
C
C
C,D,B,A
C
C,F,B,F,C
G,G,B,C,D,C,B
F,F
C
F,C,E,C,A
B,F,C,C,B
A,A,C,F,B,C,E
G,D,E,C
B,C,C,B
B,G,B,C,C,F
F,C,A,C,B,G,B
A,G
A,C
C,G,F
C,D,C,C,F
C,C,F,B
D,A,E
G,C,E,G
F,C,F,G
E,B
C,B
F,E,F,C,B
C,B,F,F,G,D
C,F,G,F,C,F,D
F,C,F,D,B
E,F,C
B,C
C,C,F
C,C,G,C
G,C,B
C
C,G,F
B,F,B,C
C,C,A,F,C
C
G,F,G,C,F
F,D,F,C
A,D,C,C
G,F,G,B,C
C,A,A,F,C
C,C,F
G
C
C,B,A
C,A,C,A,D,C,C
F,G,C,A,C
A
E,C,F,G
C,A,F,D
B,F
C,G,E,C
B,E,F,A,G,F
C,C,G
C,C,F,F,B,F
B,A,A,F,E,B,C
C
F,C,B,C
G,F,A,G,C
B,F,G,G,C
G,C,C
G,F,F,C,B,B
A,A
G,F,F,F
C,C,C
F,F,A
F
E,E,E,G,F
A,F,A,C,F
F,E,F,A,E,G
A
F,B,B,B,D
F,B,B,C,F
F,C,G
C,A,F,F,C,C
F,F
B,C
E,F,E
C,E,A,F,C,F
A,F,C,F,C,C
F,A,C
C
C,E,C,E,G
G,G,D,C
B,C
B,E,F
G
C,F,B,G
F,C
B,B,F
G,F,B
F,A,E,C
C,C,F
F,E,F,F,D
F,F,F,C
F,E,B,F,C,C
E,D
G,G,C,B,C,C
B,B,F,F,A,C
E,F,A,F,C
F
A,G,C,E,F,C,F
G,F,G
B,C,C,C
C,C,F,F,C,F
E,C,C,F
C,C,C,F,C,A,C
A,C,G
A
F,E,E
C,B,C,B,B,C,C
G,G,C,G,C
C,F,F,F,G
C,G,C
C,C,F,F,C,F,C
C,F
A
C,F,C,G,F
E,C
G,B,B,G,C
G,E,C,B,F,F,F
F,C,B,F
E,G,B,G,C,F,C
C,D,G,E,A,B
A,F,E,C,B,G,F
C,B,B,F
F,F,A,B,C
F,F,B,B,D,F
F,G,A
G,C,E,G
B
F,A,A
A,F,C,A
C,F,F
F,D,C,F,G,F,D
F,F,F,A,G
D
B,E,F
B,C,F,F
C,G,B,F,E,C
A
C
C,F,B,B
E
F,B,F,C
C,A
B,E,B,C
C,A,B,A,F,C
B,C,G,C,C
F,C,F,C,C,C
C,C,G
G,F,G,A,D,F,C
C,F,F,C,C,F
G,C,C
D,B,B,C,C,D,C
E,F,C,F,F
C
F,G,C,C,F,C
E,B
C
F,F,G,E,F,F
G,A,A,A,A,B
F,G,F,E,F
A
B,C
B,C,C
C,E,A,F,B
B,C
G
E
B,C
F,F,C,E,C
F,F,B,C
F,F,G,C,C,D,B
F,E,G
F,F,B,F
E,G,C,C,G
F,G
C,C,C,F
F,E,B,F
C,F
B
A,C,B
B
E,B,G
G,A,B,F
D,F,A,A,F,C,F
D,E,G,G,C
F,C,C
C,G,F,D,G,F
F,A
B,C,C,D
F,F,A
F,G,C,C,F,D,E
C,F,B
F,A,C,B,C,C
C,F,G,C,A
F,B,G,F,G,C
G,F
A,E,F,A,G,F
F
G,G,F,G
G,B
B,G,C,C,B
F,G
B,C,F,F,D,F,B
C
C
G,G,A,C
C,F,E,D,F,C
F,F,B
G,C,C,G
D,C,C,C,F
C,B
F,A,C,B
F,F,F,G,A,B
C,F,A
C
G,G,A,C,B
G
A,F,C,C,F,G
F,B,C,C
B,C,F
C,C,G
F,B
F,E,D,B,G,F
G,C
E,A
G,B,B,E,B,F
B,C,C
A,F,F,B
C,C
F
C,F,F,A,F,C,C
E,C
B,D,G,E,B,F
A
B,F,B,D,B
E,B,C,E
B,B
D,F,F,B
E,C,C,B,G,A,F
C,C
F
G,F,C,E,F,E
E,F,A,E,E
A,F,C,G,F,E,F
B,G
A,B,B,D,E,C
F,A,G,E,B
C,E
C,F,D,E
F,C,B,F,B
C,F,B,C,F
F,C,G,C,F,A,D
C,F
G,E,C,F
C
A,E,B,C,G,G,C
B,C,G,G,E,F
F
B,D,F
B,B,G,F,C,G,F
C,C,F,E,C,C,C
D,C
A
C
G,F
C
C,A,B,F,B,F,F
F,F,B,C,E
B,D,G,B
F,F,G
C,G,C,C
A,F,F,F,C
F
C
G,C,C,C,G,F,F
E,C
B,G,A,C,F,E
C,C,F,B,F,A
A,C,D,F,B
G,A,G,G
F,F,A,F,D
C
C
B,A,B,C,E,F
F,C
B,C,C,F,B
G,C,F,F
G,F
C,B,G,C
C,D,E
D,C,D,B,F,C
C,C
E,D,C,F
A,F,G,C,C,C,C
A
G,D,B,E
F,F,C,G
C,B,C,C,E,A
F,G
B,C,A
F,C,B,E,F
B,D
G,C,C,C
C,E,F
F,A
G,C,F,C,F
D
C,F,C,G,F
C,F,C,F
G,F,D
D
A,C,F,C,G
A
B,F
B,E,G,C,B,A,G
B,D,F,F,C,C
D,G,C,C
F,B,B,B,C,F
C,C,F,G
G,F
B,C,B,C,B,F,F
C,F,E,A,B,F,A
E,C,B
C,A
C
A,C,G,F
C,C
C,C,F,D,C,F,G
G,E,F,C,F,C,G
D,C,F,B,C,E
F,E,F,E,F,B
G,F,B,D,F
F
B,B,F,D,D,G,G
E,C,E,C
C,G
C,B
B,A,E,G,E,A
A,E,C,C,C,C,F
C
G
C,D,B,F
B,E,E
F,F
C,A,C,F,G,G,B
C,C,G
F,A,A,A,C,A,C
A,C
C
B,C
F
C,C,E,B,A,E,G
D,C,G,E
F,B,F,B,A,E
G,C,B,G,B
F,C,F,G,E
G,F,C,C
G,F,G
A,C,F,F,F,B,A
B,B,B
D,C,C,C,D,B
B,C
A,E,B,C,F,A
C,G
C
A,A,C,G,C
C,C,G
C,F,C,C,A,G,A
G,C,C,F
E,G,D
B,C,F,B,C,C,E
C,C
G,F,C,C,E,D
A,F,G,F,F,C
F,A,F,B,F
A,E,C,F,A,F
E,A,C,F,G
C
F,B,G,E,C,G
C,G,F,D,F,C,F
F,G
F,G,A,E,B,A,C
G,D,C
C,C,G,E,C,E
B,C,C,C
G,F,C,A,D,E
G,F,B,C,C,G
E
F
F,B
E,F,C,F,C
C,A,F,C,F,F
B,F
F,F,F,F,F,C,C
F,D
B,D,C,F
B,B,C,F,F,C,F
C,F,F,A
B,E,F
A,C,C,C,G,G
C,F,C,C,C
B,C,B,B,B,C,C
A,F,B,E,C,A,A
G,E,C,B
G,F,F,C,C,B,E
F,C,D
B
C,F,G
C,B,F,C
F
C,C,B,E,B,D
F,C,C,G,G,F
D,B,A,C,B,E,F
G,B
F,C,A
D,A,B,C,F
E,F,C,B,B
F,C
B,C,F,B
C,C,A
G,C,F,D,F,F
C,C,D,F,F
C,A,C,C,D,B,F
F,C,G
G,F,A,B,F
G
G,C
B
C,D,E
B,C,B,B,F,G,C
F,B
F,C,G,C
C,C,G,C
A,C,F,F,G,F
F
F,C,C
G,C,C
F,C,C,A,E,A,C
C,C,G,A,F,B
F,B,G,C,C,F,G
B,F,F,F,E,C
F,C,E,C,F,D,F
C,E,C,F,C
C
D,C,F
E,C
E,D,A,G,C
F,F,C,C,E
C,G,B,G,C,B,G
E,F,C,F,F
C,G,E,C,A
C,C,G,B
E,F,A,F,C,F
B,G,F,G,D
D
B,A
F,F
F,C,E
A,G,C,F,F,C
B,C
G,G
C,C
C,A,F
C,C,G
B,E,G,G
C,C,C
C,F,C,C,B,G,G
C,F,D,F,G,C
F,C,C,B,F,F,D
G,C
F,B,F,F,C
A,F,F,C,C,F,C
F,A,B,C,B,C,G
C,F
C,F,A,F,B,G,G
E,F
C,E,A,G,F,E
B,B,C,G
G,G,E
C,C,F,C
C,F,F,C,F
G
F,B,F
F,B,F,G
B,C,C,A,C
F,A
C,G,F,F
G,C,C
A,E,B,A,C
D
C,F,F,B,C,D,F
C,B,E,E,C
C,C,F,F,G,F,C
F,B,C,A,E
F,C,C,G,G,C,C
E
F,C,C,B
C,F,B,F,C
C
F,F,G
D,B,E,F,E
B,C,E,E
A,C,G,G,F,A
F,G,B,C,A,F
B,E
F,C,F,F,C,C
F,C,F,G,G,C,B
F,G,B,C,B,C,C
C,C,C
F
A,F
A,F,B,G,C,F
B,E
G,C,G,B,B,C
G,F
C
F,C,B,B,F
B,E,B
D,C,E,C,F,A,B
A,C
C,B,F,G
A,F,G,F,C,C
C,D,G,A
C,A,B,B
C,C,G,G,E,G
F,F,C,C
A
E,G,A,G
C,F,F,A,F,B
F
F,F,G
E
B,F
D,C,C,D,G,B
F,F,C,G,C,E
C,C,F
A,A,F,C,F
G,C,D,F,C,E
C,C,C,C,C,C,F
D,C,F,G,B
F,C,C,C,B,G,E
F
F,B,E
C,F,F,E,B,D
B,F
F
G,G
C,C,C,F
F,F,C,A,C,E,F
A,G,F,E
B,F,G
G,G,C,C,G,E
C,C,F,D,A,F,F
F,C,G,C,C,B
F,F,G,F,C,C
B,E,E,E,C
G,A,F,F
E,F
F,F,F,C
B,C,C,C,F
F,C,E
F,F,F,D
G,G,B,E
F,B,B,A,B,E
C
C,A,G,B,C
F,G,C,F,A
B,F,B,F,F,A,C
G,E,E
F
F,C,C,G,E,F,C
F,A,B,G,F
B
G,C,F,F,F
F,D,G
B,F
A,B,F
B,F,E,A,F,B,C
F,B,C
B,F
F,C,F,G,F,B
B,C,B
E,C,C,B,A
G,B,A,A,D,C
A,B,F,C,F,F,F
F,F,C,F
A,C,C,F,G,F,G
A,G,G,B,E,C
G,F,B,E
B,C,B,F,F,A
D,C,G,F,A
B,C,C,D,F
A,F,F,C
A,F
G,C,G,E
D,A,F,C,E,C
B,F
G,C,E,F,A
E,B
F,C,C,A
A,E,C,C,C
F,E,B,F,F
G,C,E,B
G,B,C,C,C
C,F
G,F,F,A,A,F
G
C,B,F,F,C,F,B
A
F,G,B,B
B,B,B,F
C,F,C,D,C
C
E,E,G
E,E,G,A,F,C
B,A
F,B,B,F,C,F,F
F,C,C,C
B,G,F
F,G,F,C
F,C,F,C,A,F,F
G,F,C,C,F,F,B
A,D,E,C,C,E
B,C,C,G,G
C,C,A,F,B,C
E,C,C,E,F,F,C
C
C,C,F,A,B,B,C
F,C,A,B,C,F,A
C,B
G,B,F,F,F,F
A,E,E,B,C
G,E
F,C,G
G,G,B,G,F
F,C,D,C,F,F,F
C,C,G
G
G,G
C,C,C,C,D,E,D
F,G,F
C,A,C,F,F,A,B
C,C,C,G
A,B,C,C,F
A
C,F,F,C
F,C,B,F,F,F
C,C,A,B,G,G
A
C,G
A,F,E,G,E,A,F
E
C,C,D,D,G,D
E,E,B,E,F
F,C
F,B,C,B,F
F,F,G,C,B
C,B,C,D
C,B,E,G,F,G,E
G,D,D,F,A,G
F,A,E,F,A
F
A,G,C,A,F,F,E
G,F,F,G,C,C,E
C
G,A,F,F,C
B,A,F,C
A,F
B,C,F,F,E,F,F
E,F,F,F,F
B,F,F,F,F
C,B,E,F
C,C,B,C
G,G,F,E,E
C,A,F
C,B,B,C,F,F,C
F
C,B
G,C,G,E,B,F,F
G,F,B
F,C,C,C
F,B,F,D,C,A
C,A,G,D
B,C,F,G,B
A,C,A,C
A,B
B,B
D,B,C,G,F
F,F
F,C,F,G,G,C
F
G,C,F,C
F,D,F
B,F,E,B
C,F
G,C,B,C,C,E
G,C,D,B,D,G,C
F,F,C,C,C,E
F
B,A
E
C,B,F,C
D
F,C,A,E,F
C,C,B,F,F,G
C,G,F,C,E
B,B,B,E,C
F,C,E,C,G,B,C
G,D,C,F,C
G,F,F,C,A
F,F,A
G,G
D
F,F,G,C
D,B,F,C
C,C,C,C,F,C,E
C,D
A,A,G,G,E,B,F
E,C
C,G,G,A,G
C
C,A,E,E,C,C,E
A,B
F,C
G,F,B,F,B
E,C,F,F
F
C,G,F,C,F,F,F
A,C,G,B,E,C,F
F,F,F
G,C,B,A
C,C
G,F
A,F,F,F,C,A,E
B,F,C
F,B,G,C,F,C,B
F
C,E
E,C,E,C,B,C
C,E
E,D,B,G,F,D
E,D,G,D,B
F
G
A,A,F,G,B
D,D,C,D
B,F,A,F,C,E
D,B
F
A,B,E,B,C
C,C,F
A,F
B,D,A,E,B,E,B
E,B,C,F
A,F,C,F,B
D
B,D
G,F,C
D,F,G
F,B,C,A,C,B,F
F,F,G
F,B,F,C,G,C,E
A,A,G
C,C,F
B,C
C,C,G,A,F,F
C,B,D,C,F,C
B,B,F,B,F,C
G,B,C,C,F,F,F
A,G,B
E,B,F,A
A
F,F
F,B,F,F,B
F
C,G,D
C,C,A,B,C,B
F,F,B,C,G
F,C
C,C,C,F
A,G,A,G,C
D
C,D,C,C,B,C,C
C
F,C,F
A
C,E,C,A,E
C,C
C
F,B,A
G,A,C
C,C,C,B,C,C
A,F
C
B,A,F,E
A,A,F
F,F,C,F,E,C,A
A,C,C,C
C,C,F,G,F,C,C
C,A,C,A
B,G,F,D,F
E,E,B,G,F,A
F
C
C,G,C
E,F,F,C,F
G
G
F,E,G
B,A,F,F,C,F
C,F,D,C,C,G,E
G,C
G,A,G,A,B,C,C
F,G,G,C,F
G,C,A,C,C,C,E
B,A,C,C,F,B
C,F,C
F,G,B,G,F,C,G
F,E,C,G,F,C
B,C,E,C
C,C,C
B
F
C,D,C,D,E,E,B
F,G,E,C,F,D
C,B
D,B,C,C,C,B
B,F,F,B,C,E
C,C,F,A
E,G,B
C,B,B,A
E,C,C,C,F,C
G,B
F,A,A,D,F
C,A
G,C
F,C,A,F
F,E,C
E,F,F,F
C,C
F,D,A
C,C,A,F,F,G,G
B
A,D
B,B,C,B,A
D,G,C,B
G,A,B,C,A,C,A
B
B,F,C,F,B,F,F
F
B,F,F,A,C,G,C
C,F,C
C,G,A,C
G,F,C,B
C,B,E,B
C,E,C
F,C,B
C,B,F,C
F,F,E,F,A,E
C,C,F,F,F
C,G,A,F,C,F
G
D
C,C
C,A,C,E,E,E
C,C,C
B,B,B,F,C
F,C,A,B,F,G
F,A,F,B,B
C,F,B,F,G
B,C,F,F,B,G,C
G,C,F,F,A,E,G
D,A,G,F,C,G,B
E,F,B
D,C,F,A,F,F
G,E
G,F,F,G
C,G,G,A,B,F,E
C
E,C
C,C,B
C,B,F,B,F,C
A
G
F,C
B,F,C,F,B
F,G,F,F,F,C,C
A,G,C,F
C,G,F
G,F,C,C,F
F,F,A,F
C,B,E,C
C,C,A
C,C,C,B
A,G,F
C,C,B,E,D,C,G
C,F
D,C,F,F
F,G,F,C,E,E
C,G,F,F
G,C,F,C,C,B,B
F,C,A
E,E,G
F,C,C,F,B,E,B
B,F,B
C,G
G,B,F
C,F,B,G,G
D
C,G,F,F
F,E,B,A,B
G,G,C,E,E,G,B
C,C
B
C
C,C,F,F
C,C,A,G,E
G,G
A,B,B,A
C,F,A,D
A,A,F,F,C
G,C,C,C,G,C
C,C,F,C
C
G,C,C,F
E,C,C,E,F,C,D
A,F
F,F
G,C,E,E,C,C
A,E
C,B,B
B
F,E
G,G,A
B,F,C
G,C,E,C,G,C,B
B
G,F,F,C,C,E
G,B,F,F,F
E,F,F,F,C,C
C,B,B,E,C,G,F
A,B,F
B,F,C
C,F,F,C
G
E,A,C,B,E
G,C,B,C,B,F,F
C
C,G,F,F
A,C,C,F,C
B
B
C,F,F
B
C,B,B,A,C,C,F
C,C
D,C,C,C,F,B,G
F,A,C,E,F,A,C
E,E,G
G,F,D,C,B,G
C,D,B
C,G,C
F,A,C,C
B,G
F
A,F
A,A,A,C
G,F,C,C,F,B
E,D
B,G,E,F,B,C,C
C,B
C,C,A
G,E,C
A,C,F,F,G,E,C
A,A,A,E
F,E
F,C,B,C,F
G,C,C
C,B
C,A,C,D,G,F,B
C,F,C
C,C,G,F,F,C
C,B,C,A,F
F
E,G,C,G,B,C,F
G,F,F,B,C
C,C,C,C
A,C
E
F,A,B,F,G
F,F,F
F,C,C,B,E
C
B,G,F,C,D
D,F,C,C
C,F,C
C,F,B,C,B,C
G,C,B,B
B,C,B,F
G,F,A
C,G,C
C,B,G,B,C
A
F
C,C,C,C,F,C
A,F,C
F,C,F,F,F,C,B
C,B,C,F,C,F
C
C,G,F,C,C,C
F,F,A
F,E,C
G,C,A
B,F
F
F,F,C,F,C,G,C
A,E,D,D,E,E,A
A
C,F,C,F
F,F,F,C
F
F,G,G,C
C,F
B,C,F
B,F,A,C,A
C,F
C,E
G,G,C,G,F,D
F,A,E,F,F
A,F,G,C,F,C,E
F,A,A,B,A,F,F
F,B,B,B,C
B
C,C,A
E,C,C,E,C
C,F,B,C,B,C
B,A,G,F,E,C,C
B
F,F,G
B,G,C,F,F,F,C
E,E,C,F,F,G,F
B
G,E
D,C,A,E,C,C,F
F,F
C,C,G,B,F
C,C
B,B,E,C
A,F,C,F,C
C,A,C,A,D,D
F,G
C,A
F
G,C
A,C,A,E,A
B,C,B,F,E,C
C
E,G,G
C,C,F,C
C,C,A,B,D,F
C,F
F,F,F,C,F,C,B
C,C
E,E,C
C,B,B,G,F
F,F,D,F,F,G,A
G
G,F,E,F,A
B,B,A,B,A
G
C,C,G,F,F,C
F,A,C,G,E,F,C
D,C,F,C
B
A,F,C,B,C,F
B,A,C
F,C,F,F
A,F,F,E,C,B
G
F,F,G,F
D,F,C,E,C
B,C
E,F,C
B
F,B,C,D,B,C
B,C,B
C,A,C,C
D
D,E
E
E
C,B,B,F,C,G,F
A,C,C
F
F,G,A,G
F,F,A,D,C,E
G,C,A,F,G,C
E,F,C
G,C,F,F,B,D,G
D
G,F,B,B,E
E,A,C,G
C
F,C,B,C
C,C
C,F
F,F,D,F
C
F,C,F
G,C,F,B,F,C,F
E,F,B
A,F,B,G,D,C
F,B,F,C,C,C
F,F,C,E,C,C,F
B
F
E,C,F,F,E,E,C
F,G,C,B,G
C,F,A,E,D,C,F
E
E,C,B,C,C
C,B,E
G,C
C,G
G,F
G,C,G,G,E
C,A,C,F
E,G,F,C
G,C
C,F,C,C,A,A
G,F,C,C
B,C,A,F
C,F,F,D,C,C,C
C
C,C,F,E,G
C,G,G,A,G,A,F
C
B,G,F,F,F,E,A
F,C,E,F,A,C,A
E,F,D,F,G
E,C,F
C,F,C,B,G
E,F,B,C
A,C
F,F,G,C
F,C,B,C,B,A,G
F,B
F,F,C,C,G,A,A
G,B
B,G,C,B,C,F,B
F,D,F,E,B,B,A
D,F
G,C,C,C
G,A,G,B,C,G
F,G,F,G,C,E
C,E,C,G,E,A,G
F,C,F,C,F,F,B
C,G,E,F,C
G,G,F,C,B,F
A,F
F,E
F,D,C,F,G,C,F
E,E
C,G,F
G,F,A,F,F
C,G,F,F,B
B,G,F,A,F,C
C,C,B,C,D
C
C
F,A,G,F,G
E,E,A
C,G
B,E,C,B
F,E,B,F,A,F
C,C,C,F,C,C
G,C,F,E
C,A
F,A,B,A,G,F
F,D,B,E,G,A
B,C,C,F,E,G
C,C,B,G,E,F,C
F,A,C,B,D,C
C,B,B,F,B
A,F
F,A
F,D,G,C,C,F,C
F
B,C,B,C
C,F,C
C,A,C,A,G
F,F,G
G,E,C,C,F,F
E,F,C,E,G,G
B,F,D,C,E,F,C
C,A,C,A,A,C,C
B
C,A,A,C,A
E,F
D,D,F,C,F,F
C,F,F,B,E
C,D,C,C
C,C,G,E
C,B,G
C
B,B,G,C
B,A,C,G,F,B,G
C,A,C,F,G
G,B,D,C,F
F,C
G,F,E
B,B
C,E
F,B,C,C
C,C
F,G,D
F
C,C,F,G,B,F
C,F,C,F,B,G,F
A
C,F,F,F,F,C,F
C,C
F,G,B,B,A
F,F,F,G,C
F,B,F,E,C,F
C,G,A,G,F,C,B
C,B,E,A,C,B,B
C,E,G,C,C,G
A,B,B,D,B
F,F,C,E
A,D,F,C
F,E,F,E,F
C,F
F,F,A,C,F
A,F,C
F
F,C,F,F,F,A
C,F
F,F
F,C,C,E,F
A,F,F,G,C
F,C,B,G,E,F
B
C,C,E,C
E,B,E
F
C
A,F,B
F,G,F,C,G,C
A,D,C,C,B,A,C
C,G,C,E
C,C,C
A,F,C,F,E,B
A,C,G,C
F
F,C,C,C,C
B
F,C
B
G,A,F,C,B,C
F,F,C
E,F,B,C,C,A
F
D,G,F,B,G,B,F
E,B
G,G,G
F,A
A,E,C,F,F,C,C
F
E,F,G,F
C
G
B,C,E,A,G,A,F
F,D,D,F
C,B,C,F,A,C,G
C,C,F
A,C
G
D,B,F,F,G,G,C
F,A,B,F
F,B,C,F,B,B
G,G,C
A,G
G,G,F,C
D
C,F,C,E,C
C,F,F,G,C
F,D,A,F,C,F
G,C,B,F,E,E,A
B,D,G,C
C
C,F,B,G,A,A,F
G,B,C,D,F,C
C,G,C,G,C
B,F,C
F,G
E,G,C,G,G
C
G,F,C,F,G,F,A
G,A,A,B,C
F,F,E
C,C,F,C,C
C,C,A,C,G,F
C,F,A
F,A,C,C
A,F,D,G,C,G
C,G,C
C,F,B,B,F
G,E,B,F,F,A,F
F,A
F,F,G,F,A,A
G,F
C,F,E,D,A,F,C
F,C,F,A,F,F
C,F,C,F
G
E,F,F,C,A
G,E,E,F,A,B
A
G,C,C,F,B,C
C
C,G,A
C,B,C,G,F
G,C
F,C,C,A,F
D,F,A,G,G
D,F,G,G,A,G
G,E
A,E,F,A
C,A
G,B,F,G,B,C
F
B,C,C,E,C
C,C,C
E,C,F,C,G,E
A,G,F,B,G,G
F,G,C,C,F
E,C,B,C,A,G
F,F,E,F
F,A,C
F
D,F,F,C,B
C,D
C,G
G,C,B,E,C
C,G
E,F,C
G,C,F,F,G
G
E
F,C,A,F,F,B
B
G,C,C
C,B,C,C,F,C
F,C,F,F,C
G,F,F,G,B
F,F
G,B,D,B
C,F
C,E
F,G,B,F,C,B
F,C,C,D
C,F,C,D,G,F
B,A,C,F,E
A,C,C,G,F,A
B,C,C,B,A
C,F,F,C,B,B,C
B,F,F,A,F
E,C,B,F
F,A
G,E,F,G,D,E,F
C
E,B,C,G,E,C,D
B,F,B,D
F,F,A,A
C,F,F,F,C,C
G,F,C,C,A,C,C
F,B,F,F,F,C,A
F,F,E
E,C
A,F,B,D
A,F,G,F,C,G,C
C,C,B,F,F
C,B
E
B,G
C,F,E,C,F,B,C
A,C,B,C,F
F,F
F,F,A,B,A
F
C,A,D
E,C,E,G,D
B,D,F,C,C,C,A
B,B,E,B,C,F
C,E,F,C,B,F,F
F,C,C,C,D
C,G,F,F,B
F,C,F,C
C,F,A,F,C,E
F,C
G,F,A,D
G,E,C,F,C
B,D,C,C
C,F,F
C,E,G,A
A,C,F,F
E,C,B,B,G,F
C,F,F,G,F
A,F,C
C,B
C,E,F,A
C,E,B,F,F
F,C,F,C,B,F
C,C,B,C,A
D
C,C
C,C,C
B,G,G,G,C,D,C
G,G
F,C,G,C,G,E
C,B,D,C
F,C
C,F,E,F,C,B,F
E
F
E,B,A,A,F,G,F
A,C,E,C,C,F,A
A,G,F,C,F,F,F
C,F,C
E,C,E,E,G
C,C,F
C,C,E
F,A
A,C,F,B,C,F,C
C,F,B,G,C,C
F,A,C
F,C,C,E,F,F,C
G,C,C,F,C,F
F,B,C
C,G,B,C
F,G,F,A,F,G
G,F,F,C,C,F,A
G,F,F,F
F
F,C,C,C,F,F
C,C,F
A,E,F,F,G,F
D,F
C,C,C,C
G,F,B,C,F
F,A,B,F,C,C,F
B,G,G,C,C,F,F
A,F,E,F,A,C
F
F
B,C,F
F,C,D
A,B
B,C,F,F,F,F
E,F,C,C,G,D
B,F,D,G,F,F
C
A,F,F
C,C,C
C
B
C,B
C,F
F,B,D,F,F,A,G
F,F,G,D,A
C,D,F,B
C,B,F,F,F,F
F,F,F
A,C,A
D,F
A,A,G,A,C,C
D,C,F,F,G,D,G
C,C
A,E,C,A,A,C
G,F,A,G,B,C
C,A,C
D,C
C,C,F,E,F,C
A,D,C,F
B,C,A,C,C,F,A
C,C
C,C,C,C,A,C
C,B,C,F,C
E,B,B,C
G,C,E,C,C
D,A,E,G,F,G,C
C,D
C,F,F,C,F,E,B
A,A
F,B,F,F,C,B
F
F,C
F,C,C,C,F
G,F,C
G,G,C
B,F,B,B,C,A
A,C,D,C,F,F,C
C,E,C,A,F,C
E,D,A,C,E,C,F
A,F,F,F,F
F,C
F,G,C,A,C
B,F,C,C,A
C,G,C,G,F,F
G,C,F,A
E,A,C,F,G,F,E
F,F
E,A,C,C
F,F,F,C,F,F
B
C,C,E,C
G,E,E,C,B,G,E
A,F
C,B,C,B,G
F
B,C,F,C,C
C,F,F,C,A,F,C
A,F,F,C,G,C,G
C,F,G,G,C,C
B,F,A
A,B,C
F,C,F,B,C,F
A
G,F
C
C,F,F,F,F,F
C,E
F,D,C,F,C,D,A
B
B
A,B,F,F
E,C,C,F
B,F,G,C,F
F,C,B,C,C,E
G,G,B,D,G,C
G,F,C,B,F,F,G
E
D,F,C,B,B,C,F
F
A,G,C,D,D
F
A
C,C,A
F,C,B
F,C,C,E
E,E,D,C,F,F,F
F,C,C
A,F,F,C,F,C,F
E,G,C,B,A
F,C,B,F,F
C,B,F,F,G,F
F,G
F,B,F,B
F,G,F,E
A,E,C,G,B
C,B,C
C,A,B,F,D
C,E,C,C,C,G,B
C,B,F,F
A,C
F,B,A
C
C
B,D
F,A,D,C,C,C
C,B,C,B,B
C,E,C
G,C,F,C
A,B,C,C,C,A,C
F
E,B
C,A,C,C
B,C,F,G,F
F,E
F,F
F
A,A,B,C,A,C
F
G,F,C,D,E
G,B,E,C,G,F,D
C,G,A,G,G,B
G,F,B,A
C,A,G,F,F
C,A,C
C,C,C,D,B,B,F
D,G,C,C,G,B,C
C,C
C
B,C
D,D,A,F,F,B,F
F,C,D,E,F
F
A,B,F,C,F
F,F,E,F,C,A
C,F
G,F,C
F,E,A
C,C,B,A
C,F,A,F,G,C
F,C,F,A,B
G,C,C,F,B,G
F,F
F,B,C,C
F,G
C
A,E,C,G,F,D
A,A,C
F,F,C,C,C,F,C
A,B,B,G,D
D,F,F,A,E,B,D
A,C,B,E,B,C,F
F,F,C
B,C
C
E,A,F,C,F
C,G,C
E,C,B,C,F,E,G
F,G,E,B,F,C
F,D,C,B,F
B,G,E,F,F,F
C,G
C,A
C,E,B,G,F,F,E
F,E,B,D,G
F,B
G,G
F,C,C,A,F
F,E,G,F,G
G,F,C,F
F,F,F,G
E
E,C,B,G,B
F,F,E,B,C,C,C
C,F,C,C,A,C
C
D,F
B,C
E,G,G,G,G,C,D
C,E,B
E,C
F,E,B
C,F,D,C
C,A,D,B,E
C,A
C,D
B,F,C,A,B,E
E,C,G,F,E,D,C
F,C
D,C,C,B,D,B
C,G,C,B,E,D
E,E,C,F
A,F,A,G
F,D
C,F,F,F,E
F,C,C,A,F,F,B
F
A,B,F,G,G,G,C
G,A,F,A
C,B,F,F,A,F
C
B,C,B,B,E,A,B
C,B,E,B,F,D,C
G,F,B,E,C,F
A,F,C
C,C,C,B,F,F
C,C,B,F
E
C,B,C,C,F,C,E
C,G,C,E,G,G
C,C,C,F,D,F,C
A,E,A,C,F,A
A,F,B,C
A,D
G,C
F,C,B
E,F,A
C,E,F,C
F
F,B,C,B,A,A
B,C,C
C,F,C,C
C,C,C,C,F,B,G
F
F,G,E,C,E,A
G,C,C,C,F,F
F
F,F,C,A,C,F,G
C
B
E,C,B
C,C
F,C,B,F,C,C
G,C,G,F,B,A,C
G
F,C,C,C,A,C
C,F,F,F,A
G,G,G,G,B
C
B,A,C,E,F,F
F,C,C,C,F
C,F,D,C,B
G
F,D
D,F,G,E
G,F,C,C,E,C,G
C,C,C,A
G,C
C,C
B,C,C,F
F
G
C
C,C,B,C,C,E,C
F,D,F,F,C,A,C
F,G,G,G,E,A
C
C,B,C,G,A,C
A,C,F,F,C
F
B,D,G,C,F
F,C,C,G,A,F
C,F
E
F,F,B,C,F,F,G
A,F,A,G,C,C
G,C,F,B,F,E,B
E
A
D,E,C,C
B,C,F,B,C
G,C
G,C,B,C,F
F,C,G,B,A,F
A,C,C
F,C,E,G,E
C,F,E,G,G,F,C
C,C,C,D,E,A,F
E,E,F,E,F
C,A,D,G,E,F,F
F,F,D,E
B
F,F,C,E
G,G,B,A,A,C
E,C,B
C,C,F
E,C
F,G,D,C,F
A,C,B,F
F
G,G,B,C,F
A,C,G,E,F,D
G,F,F,F,C,F,B
F,G,C,E,C,A
F,B,A,F,G,B,D
C,F,F,B,A,B,C
E,G
F
F,G,C,G
B,G,C
B,C,F,F,F,C,C
A,F,A,C
F,B,E,B,C
F,F
F,A,F,E
F,F,C
C,C,B,C,C
F,F,E,D
G,E,D,D,C,C,D
B,E,G
E,A,G
E,B,G,G,G,B
D
F,F,F,B,C
F,C,A
F,B,F,D
B
F,C
C,C,B,C
C,F
D,C
G,B,G,D
A,A,F,F,E
C,A,F,C,F,B,E
B,C,F,A
C,C
F
E,B
B,G,F,G,C,G
F
E,C
C
F,F,F,C,F,C
C,B,E
C,B,C,C,E
E
C,E,B,F
F,G,A
D,C
A,C
F,C,F,C,A,F,B
B,E
E,C,C
E,E,A
C,B,G,F
F,F,F,A,C,F
B,A,C,G,D
A,C,F
G,E,E,G,C
E,F
F,C,C,E,G,G,C
D,E,B,E,A,C
G,E,C
B,G
C,B,G,E,C,B
D,G,C,C,F
F,F,F,G,C,F,A
F
D,C,G
D,D,C,F,A,F
F
C,G,C,D
E,B,F,F,E
C,F
F,B,F,G,C
B,B,A
C
C
E,B,B,F,C,C,C
B,A,C,F,D
F,F,E
G,G
F,A,F,B
C,E,C,A
G
B,F,A,C,F,G
G,C,E,C
C,G
C,G,B
F,C,E,C,G,C
C,E
C
F,A,C,C,C,D,F
C
F,C,C
G,E,F,F,F
C
G,F,F,D,F
G
C,B,F,B,A,A,C
E,C,F,B
C,F,F
F,B,G,C,E,C,C
B,C,D,F
F,C
F
D,C,C,D,F,F
C,G
C,C,C,E,F
C,A,C,C,E,C
A,G,E,F
E,A,B,F,E
F,G,C
C,E,B,C
G
G
C
C,F,F,B,G,C
B,C,C,G,C,B
F,G,C,E,F
B,F,C,D,E
C
E,A,F
A
B,F,C,G,B,B,F
D,D,F,E,B,F,B
E,B,A,C,F
G,F,C,C
C
D,B,G,F
F,B,G,C
A,A,C
C,C,B
G,B,G,B
D,C,C,E,C
C,B,F,C,F,C
C,A
E,C,E,C
G,D,C,C
B,C,C
C,F
F,F
C,G
F,B,E,B,C,G
F
C,C,B,A,G,F
F,A,F,E,D
B
G,C,C,A,F
F,B,C,E,F,G
C,E,F,F,G
B,F
D
F,G,E,G
F
C,F,B
D,C
G,C,E,G,F
C,F,C,F,B
F,C,C,F,F
E,F
B,F,C,B
G,C,F,D,C,B
C
F,F,F,F,F,F,A
F,F,F,F,C
G,C,C
A,B,G,F,F,E,B
F,B,A,G,F
C,C,F,F,C,G
F,F,A
E,F,G,C
C,G,F,E,F,C,C
G,C,A
F,D,F,F,C,C
F,F,C,C,C
A
C,E,E,F,C
F
F,E,G,B,C,C
G,C
C
E,E,F,C
F,D,B,F,G,G,C
E,D,B,C,C,G,D
G,C
F,F,C
B,F
F,F,A
G,C,D,C
F,D,C,G,E,C
E,F,C,F,D,F
C,A,F,E,D,C
F,F,G,C,B
A,C,F,B,F
A,B,F
B,D,F,F
A,F
F,F,F,F,A,F,C
C,D,E,C,C,B
G,B,F,E,E,D
A,D,C,F,G,C
F,B,G
B
E,G,A,E,C
C,B,G,C
B,G,C
G
E,F,B,F
C,B,C,C,B,E,G
D,C,C,F,D,F
A,C
C,C,F,G,B,C,F
E,C,A,C,E,C,C
F
G
F,E,G
G
F,B,B,E
C,C,B,C,F,D
C,G,C
B,E,C,A,G
F,E,B,F,B,C
F,G,G,F,G
C,F,G
F,C,A,F
C
F,F,C
C,F,C,E,F
D,B,C,C,B,B,B
F,E,B,C,B,F
C,C,B,C,E,D
C,C,C,F,F,F,B
G
C,C
G,E,C,C,C,C,F
G,A,G,F,F,D
F,B,F,F
F,A,C,C
B,F,C
C,C,F,C,F,F
F,G,C,A,C,A,C
F,F,D,B
F,F,F
G,D,B,E,F
A,C,B,C,E,C
F,B,C
F,A,G
C,A,A,C,C
F,F,E
C,G
A,F,F,B,C,D
C,E,F,A,C
G,F,G,F,F
F,G,F,B,F,D,F
C,E,A,E,C,G,F
C
C,B,A,G,G,C,C
G,A
D,G,C,C
C,C,B,F
F,G,A,F
E,F,C,F,D,F,F
E
C,F
F,G,C,F,G,G
C,E,B,G,D
F,F,C,B
D,C,G
F,B,G,F,A,E
F,E
C,C,A,C,F,F
G
F,F,F,D,C
F,E,B,D,F,D,C
D,C,F
A,B
C,E,C,C,B
B
C,C,B,C,A,A,D
C
G
G,F,C
B,A,C,A
G,C
B,B,F,C
C,A
C
C,C,F,F
G,C,F,F
F,F,C,E,G,G
B,C,F,E,A,F
G,E
C,F
B,G,D
E,G,C,G
F,F,G,F
G,F,F,F,C
E,G
C,G,B,F,C
F,B,B,G,D
C,F,F,C,G
F,E,C,F,C,G
F,F,G,F,G,F
C,F,F,E,F
D,C,G,E,G
C
F,C,C,G,G,G
C,F,A,A,B,C
D,E,F,G,F,F,C
A
F,F,F
F
F,F,F
B
F,E,B
G,A,C,G,B,F,F
A,C
A,C,G,F,C,C,B
C,E,F,B
B,B,E,C,F,C,F
F,C,C,C
C,G,C
B,F,B,B,C,C,A
C
G,E,F,E
E,G,C,G
B,C,C,F,F,C
E,F,B,F,F,G
G,B
G,F
C,F,F,G,C,F
C,G
F,F,A,C,F
E
G,F,F,E,D
C,B,A,C,B
B
F,D
E,C,C,B
A,G,E,C,B,B,F
F,E,D,F,F,G,F
C,F,F,G
A,C,C,E
G,C,A,C,C,F
F,A,C
C,C,E,A,A,G
A,A,F
F,B
F
G,G,A,F,C,B
F,C,G,A,G
E,B,C,G,F
F,C
C
B,C,C
B,G
G,F,G,D,C,B
F,B,C,G,F,C,B
F,F,C,B,G
A,F,A,C,G,C
F,C,G,F,B
B,F,C,F,B,F
B,F
C,F,F,B
C,A,D,F
B,B,G
E,F
B,D,B,B,A,F,E
G
C,C,G
C,A,F,F,C,B,C
G,F,E,C,F,C
C,F,F,C,F,G,G
C,C,C
C
F,F,F,E,F
C,F
F,F,C,C
B,F,B,C,C
F,D,C,G
B,F
F,B,C,B,B,D
C,C
C,F,C,E,F
C,C,C,E,F,D
F,G,C,B,F,B
G,E,C
G,E
F,E,C
G,A,F,B
B
C
B,B,E,F,F
F,F
C,C
F,E,B,F,B
G,F,F,F,C,A
B,C,B
C,G
F,F,C,F,E
F,F,C,A,C,G,C
C,C,F,G,C,E
F,B
E
F,C,C
F,B,D,C,G,G
F,F,C,C,A,F
C,B,B,F,E,B
F,G,C,B,C
C,G,A,G,C,A,E
G,A,C,G
B,F,D,D,C
E,G,C
D,F
E
C,A,F
A,F,A,C,E,F
E,F
A,E,C
E,F,D
C
C,F,E,D
G,B
F,C,C,C,C,A,C
F,F,C,C,G
G,A
C,E,C,C,F,C
F,G,F,C,E,C,F
C,C,C,F
C,B
G
D,E
C,B,C
C,C,A,F
G,G,F,B,F,F,C
C
F,C,B,C
B,F,F
C
F,C,E,C,F,G
C,A,F
F,B,G
B,F,C,G
C
F,G
B,B,E,F,F
C,C,F,E,G,F,B
F,C,E,F
E,C,C,F,D,A
C,B,E,C,G,E,G
F,C
C,B,C
F,G,G,G,G,B,B
A,B,F,A
F,C,C,F
C,G,C,G,A,B
A,B
A,C,B,F,C,D
G,A,G,C,G,C
A,F,F,C
C,B,E,C,C
A
B,E,F,A,F,B
C,A,F,F,A
F,G,C
C,A,F,F,F,G
F,A,F,F,A
G
A,B,G,B,G
G,B
C,C
F
B,C,C,D,G
B,C,G,G,B,F
C,C,B,F,F,B
C
C,F,C,B,A,F
F,A,B
F
F,B,F,F,A
A,C,E,F,F,A
B,C,G,A,F,C,B
C,C
A,B,C,F,F,A,G
G,E,F,B
C,F,F,B,G
G,E,F,F,A,A,F
G,F,C,B,G,F,C
F
E,C
F,F,C,B,D,E,C
C,C,F
B,F,G,F,A,G
G
C,C
A,B
E,E,C,B,F,C,A
A,E,D,F
G
C,F,A,F
B,C
F,G,F,G,G
B,G,C,F,C,F
C,F,B,B,A
B,F,G
E,C,G,C,B
F
G,C,F,G,C,D,F
B,C
F,C,C
F,C,C,F,G,C
F,G
C,G,C
B,C
C,G,C,B
E,G,C,C,E,G
A
B,A,G,C,B
A,F
C,F,B
C,A
F,E,E,F,C,C
F,A,A
C,B,B,A,C,F
G,G,F,F,F,C,G
A,F,C,F,G
B,F,G,C,F,F
C,G,C,G,C,G,E
B,B
C,A,F,G
A,C
G,G,C,F,B,C
C,G,F,D
B,G,G,C,C,C
G,D,C,F,E,C
G,C,B,C,F,F
D,B
C,F,C,C,F
F,G,D,C,F,F,F
D,B,C
A
F,G
B,C,C,C,C,G
F,B
C,C,F,G
F
C,F,C
C,F,G,F,E,E
G
C
G,F,F,C
E,F,C
F,B
G,F,A,G
G
F,A,A,F
B
A,E,B,G,D
F,C,A,F
C,A,F,C,C,C
A,F,B,C
C,C,C,C,C,E
C,F
C,B,B,C,E
F,C,C,F
C,E,C,D
G,F,C,G,C,A
C,C,F,C
A
C,C,E,G
C,C,C,C,C,C,D
C,F,C,G,B,F,F
D,E,G,F
F,C
G,F,C,F,D,D
B,C,E,C
A,C,F
F
D,E,F
C,B,G,C,C
A,G,F,B,B
C,B,F,E
F,A,F,F,A
A
F,C,C
C
E,C,F,B,F
F,B
E,B
F
C,E,D,C,G
F,F,B,C,C,B,F
C,C
G,F,E,F,F,F
F,G,E,F
F
F
B,G,B,G,C
F,E,F,F
C,F
A,B,C,G
A,B,A,C,F
F,A,G,B,C
D,B,F,F
A,C,D,A,F
F,C,F
C,B
E,E,G,A,E
F,C,G,F,C,G
G,F,G
F,C,B,F
F,C,E
C,E,F,B,G
F,C,B,B,F,C,C
F,A,C,A,C,F,E
B,C,C,B,C,F
C,C,C,F,B
C,F,C
F
F,A,B,F
C,B,B
F,E,F,C,B,F
F,G,G
C,D,B,F,F,F
C,F,C
G,A,F,G,C,F
F,B,E,E,A
E,B,C,C,C,C
F,F,G,F
F,E
E,F,C
F,F,C,G,A
F,C,F
F,F,E,B,A,C
C,D,B,C,C,F
F,B,B,A,C,F,F
A,G,F
B,F,B,D,G,F,F
E,F,C,F,A,A
G,G,F
E
F,B,E,G,D,A
E,G
G,E,A,C,C
F,E,G,A,G,G
F,C,A,E
A,F,D
C,A
C,D
F,F
C,G,B
C,E,F,C
F
C,G,A,F,G
G,C,F,C,C,F
F,B
F,G,C
C,A,F,A,D
G,B,G,B,C,A
E,D,C,E,G,A,B
C
G,B,D,C,B,C
C,C,B
G,E,F
F,B,C,C,C,C,B
D,G,C,F,G,F,E
C,B,F,D,F,G
B,G,G,D,A,D,C
C,G,G,C,C,B,C
F,A,B,C,B,F,F
B,C,E,C,B
F,F,A,F,C,C,C
C,C,A,C
F,C,G
F,C,F,B,C,C,C
F,G,B,F,E
F,D,B
C,C,C,B,C
G,E
F,D
G
B,B
C,F,B,F,A,C,F
F,C,G,F
C,B,A,A,F,C
C,C,F,C
F
F,G,F,F
G,B,B,F,E,C
F,B,B,F,B
F,C,C,C,C,C,G
B,A,F,A,G,G
E,B
C,F,E,F,C,G,F
B,F,C,A,A,A,D
C,F,E,C,G
C,D,B,F,F
B,E
F,A,F,C,C,B,G
F,A
B,C
F,D,C,E,E,F
D,A,F,F,F,F,A
G,C,F,C,A
C,F,G
C,E,B,C
F,F
C,F,A,C,F,G,C
C,A,C,F,F
G,B,F
E,F,A,B
E,F,F,C,C
C,F,G,B,C,F
C,B,G,E,B,C
B,A,C,C,F,F
G
B,F,C,G
C,C,F,E,E,C
F,E,A,D,B
F,E,F,C
B,B,F,F,F,C,C
C,F,B
C,C,G,E,F,F,C
F,A,A,B,A,F
C
F
C,F,F
G,G,A,B,C,C
D,F,F,C,G
C,C,B,A,F,C
B,F,C,C,C,F,A
C,C,C,F,F,F,C
B,C
F,B,C
C,C
C,F,F
C,D
F,C,C,E
C
G,A,F
F,F,F,E,B,F,F
G
G,F,A,E
F,C,G,F,B,C
C,C,C,C,G,C
C,G,C
F,C,C,F,A
G,C,C,C
F,F,G,D,A
F,C,F,E,C
C,F,F,C,E,C
A,C,G
C,G,C,G,G
F,B,E
E
D
E,C,A
A
B,F,F,G
C,F,B,F,B
G,G,G
A,F,F,F,C,G
C,C,B,D,G,G,C
F
C,C,F,D
F,E,C,D,F,B,G
C,G,F,G,G,C
B,B,C
C,E,E,C
C,A,F,F,F
D,G,F,G,G,B
F,F
C,B,F,C,F
B,A,A,F,F,C,A
C,A,F,F
C,D,C
G
C
C,E,C,A
B,F,E,B
B,A,G,G
F,F,G,C,F
D,F,F
E,A,F,C,E
F
E,B,C,G,E
E,C,B,D,G,F,B
C,F,C,B,C,G,C
B,A,G,C,C,B,G
B,B
C,C,E,F,G,C,B
A,C,F,F,G
A,F,F,C,B,C
C,E
D,B,F,C,C,E,C
C,C
E,C,E,F
G,C,F
F,F,G
C,D,F,F
E,F,C,C,B
E
F,F,B
C,A,F
E,F,C,F,F
E,F,B
F
D,G,C,B
B
F
E,F,F
F,B,A,E
F
F,G,C,E,B,C,B
A,F
A,C,C,C
F,C,F,C,C,C,G
E,A,C
E,G
F,B,C,C,D
G,G
E,C,C,C,B
F
E,F,B,F,D
D,F,F
G
D,G
B,D,F,B,F
A,F,B,G,F
F,F,F,E,F,F
E,G,G,F,A
D,C
B,F,B,C,F
D,E,F,C,B,B
E,F,G,F,C,C,C
E,F,A,B,F
C,B,F
G,C,F,G
F,G
F,C
G,C,E,D,F,C
A,D,C,F
B,E,A
D
E,B,F,G,G
C,C,F,C,F
G,F,C,G
F,F,D,B,C
E
D,G,E,F,A
E,C,G,B,C,B,A
F,C,A,G,C
C,F,F,A,G
E,B,A
G,F,D,C,A
C
G,G,C,G,B
E,G,C,B,E,C
C,C,B,A
C,E,F
A
A,G,C,F,A,F,B
G,F,C,F,C,C
B
F,D
F,B,F,D,B,C
A,D,B,B,F
A,B,B,E,B,C
G,G,C
G,C
C,C,F,A,F,F,F
E
F,G
C,C,E
C
F,A,B,C
D,E,C
G,C,G,A,C
B,E,A
C
E,C,G,G,A,E,F
F
F,B,D,C
G,B,F,B,E
B
G,C,F,G
F,F,F,G,F,G
F,G,C,C,F
D,E
C,A,B
F,F,F
C
C,C,C,F,F,C,G
G,F,B,F,G,C
C,F,C,F
F,F,C
F,G,A,E,A,A,C
G,C,F,F,A
F
E,B,F,A
C,C,C
G,C,G,G
C
B,G,B
B,C,F,C,C,C,F
A,C,E,C,G
A,G
C
B,F,G,F,A,C,G
B,C
E,A
D
F,B
A
C,B,A,G,B
E
B,B
B,F,E,F,G,E,F
F,F,E,C,A,F
F,E,D,E,B,G,B
A,B,G,C,F,B,F
B
G,F
F,A,A
C,D,G,B,C,F
B,C
B,E,C,E,E
B,F,B,F,F
F,F,F,C
F,G,D,A,F,E,F
C
D,C,F,F,B,G
E,F,F,F,F
F,F,B
B,E,F
F,C
C
C
B,F,F,C,F,C
F,C
C,B
C,F,C,A,B,G,D
F
F,C,B,B,C,G
C,E,C
C,C,A,C,A
C,C,B,F,C
B,F
G
F,C,A
F,F,F,F
F,C,E,F,A,D,C
A,B,B
F,E
G,B,C,E,A,F
B,A,A,C,C
C,D,F,F,B
C,F,F,G,F
G,E
C,G,C,E,D
A,B,F
F,B,C,C,F,D
F,C,G,F
F,C,F,G,B,B
C,E,C,F,C,C,F
B,G,F,C,F,F,E
C,E
F,C
C,F,F,E,C
E,G,G,G
F,C,C
G,D,C,G,A,C,F
G
F,C,F,F,F,C,B
B,C,G,B,F,E,F
C,C,G,G,F,F
C,B,E,A
C
G,B
C,G,C,F,F,C
G,C,B,B,D,B,G
B,A,G,D,C
D,C,C
F
G,F,C
F,E,C
C,B,G,C,F
G
F,B,F,C,E
E,B,F,A
C,F
C,C
F,G,C,F
C,C,C,C,B,C
B
E,F
F,F,F
E,C,C,F,C,C,G
E,C
D,C
C,E,D
C,B,E,F,E,F
G,D,F,C,E,G
B,C,G,F,D
G,C,F,G,A,C,C
F,E,E,E,F,C
F
B
G,C,E,D,F,C
F,B,G,D,C,C,B
C,C
C,B,F,C,A,E,C
B,F,G
F,A,C,B,C
B
F,C,E,F
C,B,E,C,C,F,C
B,C,D,G,G,C,B
F,F,C,E,A,E
C,B,F,B
B
G,E
C,C,F
D,G,C,C,G
F
A,B,F
G,F,C,C
F,F,F,B
E,A,F,F,C,G,C
D,G,C,C,G,B
F
F,F,B,E,E,C,B
B,B,F,F
C,C
F,A,G,F,C
F,F,C,F,G,F
F
A
C
G,G,C,C,E
F,C,G,B,B
B,F,E,C
A,F,A,C
C,C,F,F,C,C
G,F
A
C
C,C
D,C,F,F,F
C,F,A,A
F,C,G,B,A,C
F,C,C,D,E,D,G
G,F,B,C,E,C,C
E,C,E,B,C,C
C,G,A,B,C,D
C
F
C,G,C,F,B,F
A,C,C,A,C
C,E,F,C,G
C,D,F,F,F,A,G
C,B,C,F
B,G,B,G,C,F,A
C
F,D,E,C
C,B,E,B
C,C,F,G,E
F,C,G,C,C,C,G
F,F,C,B,C,E,C
C,F,B,C,C,G
A,F
E,F,C,C
G,A,C,G
F,F
F
B,E,F,E,B,A
B,F,F,G,C,F,F
F,F,C,C,C
B,C
D,C,C,A,B,A,B
G,C
F,F,C,A,E,C
G,C,E
B,D,F
C
B,C
B,B,C,F,B,C,G
C,B,C
C,A,E,F,A
A,F
F,C,G,A,A
B,F,B
C,C,E,C,C,C
C,F,C,C,E,C,F
B,F
F,D,C,F,C,F
F,A,A,F
G,F,F,C
B,F,A,F,C,G,F
D,C
G,F,F,F,A,F,G
F,F,A,E,A
G,C,C,B,G,F,G
E,F,C
G,G,F,G,C,F
F,C
C,F,C,E,A,G,E
C,F,C,C,G,F,A
B,G
F,A,E
F,C
C,C,C
A
G,G,E,D
B,G
D,F
F,F
F,G
C,F,C
B,A,F,C,E,A
C,F
C,B,F,G,F,C
C
F,F,F,A,F
C,C,C,F,E
A,G,A
B
F,C
F,F
C
G
C
F,A,C,B,C,A,F
B,G,G,C,C,A,C
B,C
G,G
F,C,D
G,B,C,B,B
F,F,C,G,E
E,F,C
F,G,F,F
C,G
E,F,C,A,F
C,G,F,G,B,D,A
C,G
F,G
C,F
F,B,E,G
F,G,F
G
B,D,E,F
C,C,C,F,C,G
C,A,F,G,F,D,A
B,C,G,A,G,G
F,G,B,F
B,C,B
D,D,G,A,A
C
C,E,C,E,G
C,D,E,C,B,F,A
B,B,A,B,G,G,D
F,C,F,B,C
D,F,C,G
G
C,D,C,C,F,C,F
F,A,F,C,B,C
E,F,F,C
F
F,A,E,C,F,B
E,A
F,E,F,B,F,B,G
B,C,F
B
F
G,G,C,G,A
C,B,G,C,G,C,C
C
F,G,G,C,F,F
F,C,G,A,C
E,G,C,A,E,G,F
C,F,G
C,C,F,B,G,G,C
F,E,C,D
E,F,D,C,A,E,F
A,C,G,F,C,C,B
B,G
F,E,C,C,D
F,G,C,B
B
E,B,F,B,D,G,A
C
D,C,D,E,D,F,E
F,F,G,D,C,F
B,F,C,C,F,F,C
C,F,C,F,C
F,C
C,F,C
C,G,E,C
A,F,D,D,C
C,E,C,C
F,F,C,E,B
D,C
F
F,F,B,C
F,G,C,C
C,C,F,A,C
G,B
C,B,A,F,B
D,B,F,G,F,E,C
F,F,C,F,B,G,C
G,E,G,C,B,G
E,C,G,C
E
F
B,C,C
C,F,F,C,F
B,B
G,C,F,B,F,B,F
C,G,C,G,B,C
F,A
B,E,C,B
F,A,C,C,E,D,E
B,C,C,C,C,F
B,B,C
F,G
A,D,G,B,C
C,D,F,F,F,B,F
C,C,F,E,G
G,C,A
A,F,A
B,C,E,C,G,A
F
F,F,C,C
F
F,F,F,C,C
F,F,D
B,C,B,C,E,A,C
F
C,F,G,D,F
C,E
F,C,C
A
A,E,B,C,F,C,E
C
E,C,A,C,E
C
F,B,E,F,F,F
F
E,E,C,C,B,C,C
G,C
C,G,B,F,E,E,C
F,C,C,E,D,A
D,F,A
E,F,C,C,A,B
F,C,C,F,E
F,F
A,E,C,E
G
E
F,C
C,C,F,G,B
F,C
C,G
C,B,G
C,C,C,C,G
A,C,C,C,F
F,F,F,F,A,F,G
C,C,A,D,C
C,A,A,B,D,F,C
C,G,C,B,F,C
A,A,B,G,F,F
G,E
F
D,C,G,F,D,F
D,E,F,B,B
A,F
G,C,G,F,C
E,C,F,A,A,G
C
E,E,E,B,A
C,F,G,F,A
C,C,B,F,F
A,C,G,E,F,C,C
G,F,D,C
E,C,G,A,C,B
F,C,C,E,G,C
C,C
B,G,F,F,C,E
C,C,A,C,G,B
A,F,F
F
G,C
F,G,B,C
G
C
F,C,F,C
C,F,F,D,G
F,G,A,E,C
E,D,G,C
D,A,C,B,A,F
E,C,C,G,G
E,G,C,G
A,E,B
A,A,G
C,E,C,C,C
C,F
C,G
C,B,D,C,D,F
F,B,C,G,F
A,A,F,F
E,F
C,C,A,C
F,F,F,C,F,C
G
G,G,F,F,C,F
F,C,D,C
C,F
B
F,D,G,B,B,B
F
G,F,F,C,C
C,F,C,E,C,F
C,C,B,F,C
F,C,F,C,A,C,B
A
F,B,F,E,C,C,B
B
B,F,B,B
G
C,E,C,F,C,E
C,C,C,C,A,F,E
G
C,B,D
C
C,F,G
F,C,B,C,C,B,F
C,C,E,C
G,F,F,E,F,A,C
C,D
C,C,F,F,A
F,E,F,C,C
G,F,C,E,G,F,C
A,G,C,F,E
F
A,C,F,B,G,A,C
C,B,E,C,F,C
C,B,C
B,F,C,B,F
D,G,G,C,G
A,C,C
C,C,C,B,F,D
B,B,C,F,C,F,C
G,C,C,A,B,F
E,F
F,A,G,A,B,C
B,A
G,D
G,A,B,F,F,C,F
C,B
G,B,C
F,E,B
D,G,F
C,A
C,B
A,F,C
B,C,F,C,A
C,F,D,F
C,C,C,C
B,B,C,F,C
C,C
A
F,C,G,C,C
G,E,C,F,C,B,C
E
B
F
C,G,F,C
C
F,F,D,D
F,C,C,A,E,B,G
C,G,E,A,F,B,A
E,G,C,C,B
A,G,C
C,C
G,B,F,F,D,C
C,C,F,A,F
F,G,F,C,A,F
G,A,E
B,C,G,A
C,D
A,B,E,A,F,C
E,E,G,E,A
B,C,F,F,F,A
G,F,C,E
C,F,E,F,D,C,C
G
F,C,G,C,A
B,F,G,B
G,F,A,F,C,A,E
F,C,A,F,B,C
C,F
F,C,C,F,G,B,A
F,B,F,F,F,G,B
G,C,E,F,A,C
D,C,C,G,E,F,C
C,C,D,F,C,C
C,B,A,A,E,C
F,E
G
B,B,F,D,C,F,E
F,G,C,A,B,C,C
A,C,C,E,B,C
B,F,G,C,A,B,A
G,F,F,E,C,B,E
C,F,A,C,D
E,C,F,C
G,B,B
G,C,D,A,F,B
C,B,F,E,B,C
F
B,F,G
E,G,C,B,F,C,E
F,F,A
C,G,F,F,D,C,C
C,A,B,C,G,C,F
F,B,G,A,D,B,C
F,F
E,A,A,A,B,G,F
E,B,G,G,G
C
C,F,G
B,C,F,F,C
A,F
C,F
F,G,C
C,D,F,D,A
C,B
B,B,C,B,F,G
C,C,F
F,C,E
D,C,B,B,F,C
C,C,C,E,F
F,F,A,E,F
B,G,C,C,C
B,G,F,B,G
D,C,F,D,F,A,A
G,F,C,D,B
C,F,C
C
D,G,G,B,C,B
E,A
F,C,G,D,G
C
B,B,B,G,C,D
C,E
G,A,G
F,C,D
A,C,F
F,F,F
C,A,F,C,A,B,C
F,B,G
C,G,C,C,B
C,B
F,C,E,E,C,F
F,F,G,C,B
A,B,D,C,F,F
G,F,C,A
G,E,A,C,C
B,C,B,C,E,E
G,F,B,E,G,F
F,F,C,C,A,B,E
C
B,C,F,C,C
G,B
A,G,F
F,A,F,C
G,A,F,E,G,C
B,C,C,F,F
G,D,B
B
C,C,G,A,B,F
F
E,C,C,B,B
F,B,E,A
C,F,G,E
C,F,C,F,F,F
B,A
G,F,F,A,C
G,B,A,C,B
F
E
F
F
D
G,F,G,F
B,C,G,F,F
B
F,A,C,G,G
A
C,C
F,C
F,G,C,E,C
C,F,F,C,F,C
C,F
G
F,B
C,A,C,C,F
F,C,C
F,F
G,A,C,C,F,F
F,A,F
G,F,G,A,B,E
C,F,C
F
B,E,C,A,F,G
E
B,C,G,A,F
F,F
C
G,C
E,C,C,C
C
F,E,C,C
G,B,F
F,C,D,C,G,B
C,B,G,B,C,F,F
F,C,A,F,C,B,C
F,F,E
F,A,B,C
G,A,C,C
C
D,A,F,E,F,B
G
C,C
C,D,F,B,B
E
C,E,C,C,B
C,C,C,F
F,C,D,F,F,G
C,F,C,C,C,F,F
D,G,F
C,C
G,C
C,C,D,B,F,C
A,G,C,C,F
F
G,A
B,C,C,D,E,A
G,C,E,C,F
C,F
F
C,F,F,B,B
C,A,C,F,D,C
C,F,F,F,C
C
F,B,B
C,F,G,C,G
F
F,G,C,C,B
B,G,C,C,C,B,G
F,E,F,C,C
A
F,B
F,C,F,E,B
F,C,G
D,D,G,C,B,B
F
A,E,C,C
C
D,E,C
G,F
F
E,B,B,B,A,C,C
G,C,C,C,B,C
E,C,C
G,B
G,A,B,G,C
C,A,A,C,A
B,G,F,G,F
G,F,C,F
C,G,C,C,C,A
C,C,C,F
B,C,B,F,C,F,F
C,C,C,C
F,F,C,B,F,A,G
B,F,A,F
B
F,F,F,C,D
G,D
B,C,F
D,C
G
F,F,C,D
E,B,C,C,C,C,A
C,F,C,F,F,C,F
G,F,A,B,C,E
D,F,C,E
E,G,D
G,D,F
F,C,G
B,B,A
B,C,F,C,C,F
F
C,C
F,F,B
C,E,E,F,E,F
B,A
B,C
G,B,C
F,F,C,F
C
G,C,G
C,E,C,A,F,E
E,F,E,B,F,B
C,B,G,F,B,C,F
C,F,C,F
E,F,B,F,D
A,C,F
C,F,F,A,F,F,C
F
B,F,B,G,B,F
E,F
G,C,C,F,C
C,B,C,F
F,C,C,G,F,F,B
A,F,A,E,A,C
F
D,C
E,B
C,B,A,G,G
D,F,A,C,E
C,F,C,F,C
C
B,E,C,B,C
A,F,F,C
C
C,B,C,F
G,B,C,E,D,C
B,C,F,F,C
G,F,C,F,F
C,G,C,C,G,B,B
A,E,G
C,C,B,C,F,G
C,C,C
F,G,A,C
F,F,A,E,F
C,F,C,G,F,C
B,F,G,C,F
C,G,G,C,C,G,D
C
C,F,F
F,B,A,E
C,C,B,C,F,B
G
G,C
C
A,E,G,F,G,F
A,F,F,E
G,C,C,B,C,F
G,F,F
F
F,C,A
D,G
F,G,C
C,E
F,G,A,B,C
B,C,C,C,G
C,E,C
C,A,G,D,E,A
F,F,B,B,E,E,E
B,F,F
C,B
E,C
F,E,C,F
E,B,C,A,A,B,F
C,F,C
A,A,F,B,F,E
C,C,C,C,A
A,F
C,F
C,F
C,G,E,A
F,C,F,B,C,G,F
C,C,C
B,C,A
F,D
C
G,C,E,G
B,E,C,D
G,C,G,E,C
C,C,C,C
C,B,C,C,C,F,G
C
G
C,F,F,F,C,C,F
C
E
E
F,F,F,D,G,F,G
F,A,G,C,E
C,C,B,F,F,C,C
B,E,B,F,B,B,C
E
F,C
F,E,C,F,C,C
B,G
C,C,C,C,F,C,B
C,G,F,G
F,C,C,C,G
F,A,D,D
C
F,C,C,C,E,A
B,G,F,F,C,F
F,C,A,B,F,G,F
F,F
B,C
G,F,G,F
E,F,G,G,F,C
F
B,G,C
F,C,A,C,B,G,C
C
G
C,F,G,B,G
C,G,C
C,F,A,G,E
D,G,C,C,C
B,B,F,E,A
C,F,B,C,F,C,C
C,C,F,E,B,B
A,F,C
A
F,G,C,F,F,A
G,C,A,D,F,A
G,F,C,E,C,C,E
C
D,G,F,E
F,C,G,B,F,C
B,C,F
C,C,C,C,A,D
B
B,A
C
G,C,F,B,C,F,G
C,F,C,E
C,C,G,F,G
C,A,D,C,D,F
C,F,D,A,F,E
C
F,E
C,C,F,E,E,C,D
C
E,C,A,G,F,F,C
C,C,C
F,F,G,C,C,C,A
F
F,A,G,F,G,A
F,C,G
C
F,C,B
C,C,F
C,E,F
C,F,B
A
C,F,C
C,C,C,C,B
F
G,F,E
A,F,A,E,B,F,C
C,C,A
G,A,G
G,C
D,F,F,B,A,F,E
F,C,B,C,C,E,F
B,C,G,A,E,B,C
G,C,B,D,C,A
F,F,A,E,F,D
C,B,B,D,G
F,E,C,F,B,F
G,C,C,G,C,C
C
C,D,C,F
B,A,A,F,C
G,F,C,B,F,B,C
E
A,C,F,F,C
A,F,G,C,F,B
A,A
G,F,C
G,D,B
C
C,D
B,C,G,A
C,C,C,C
B,F
F,G,C,E
G,B,F,C,F,F,F
F,D,F,C,C
G,C
F,F,D
C,B,F,B
G
E,C,E,C,E
F,G
C
A,F
G,F,F,C,F,C
E
F,C,D
C,B,E,F
G,B,F,C,C,F,F
F,G
D,F,F,B
A,G
C,C,C,B
G,F,C
A,G,C
C,E,A,F,C,F
B,F,G,F,C
F,G,F,E,C
F,D,A,C,G,C,G
F,C,G,E,C,E,F
E,G,B,B
F,E,B,B,F,F
E,C,G,A,G
C,A,D,F
F,C,B,A,G,F
F,G,C
A
E,C,C,G,F
A,B,A
G,B
F,C,F,C,F,D
G,F,C
C,C,B,C
E,C,C,C,C,A,C
C,D
G,G,C
B,E,C,C
C,G,C,G,F,F,A
F,C,C,F,B,C,F
F,B,F,E,C
C,E
E
A,C,E
A,G,F
C,F,F,B,D
B,G,G,E,E,D
C
C,F,C,B,E,F
G,C,F,C
B,C,A
G,C,G
B,C
C,G,C,C,F,A
G,C,G,B
F
B,B,G,F
F,C,G
C
B,C,F,C,B
B
D,G,C,G,C,B
F,F,C,E
F
C,B,C
B,C,F,G
C,G
E,C,C,C,C
D
E,E,F
C,C,F
E,F
C
C,F
A,C,A
F,G,C,A,F
C,C,C,C,C,D,F
C,C
B,F,F
C,C,B,B,A
B,F,C,B,D,C
C,G,B,B
A,C,A
A,F,G,F
F,C,B,F
A,F,G,F,F,C
F,A,A,D,F
G,B,F,G
C,C,E,F,F,F,F
E,A,C,C
C,A,C,G,G
F,C,D,F
C,E,B,F,D,B,F
A,C,F
C,G,C,C,F,C,F
C,B,A,C
G,C,C,E,C,F
F,F,C
C,G,E,E,F,C,F
E,A,F
C,F
C,A,D,C
C,B,A,C,C
F,A,F,C,C,B,C
B
B,C,C,B,G,F,G
C,F
F,A,G,C,A
F,C,C,D,C,C
C,D,F,F,A
A,A
F,C,F
C,G,B,F,E,C,F
C,A,E,C,F,G,F
C,D,C,G
B,C,B,A,F,G
B,C,G,G
C,F,A,D,F,G
E,F
C,E,F,F,C,C
G,C,E,B,G,C
C
C,C
B,A,F,D
E,B,C,B,F
C,E,C,G,E,C
E,F,G,E
F,B,F,F,C
C,B,F,A
C,C
E,E,G,B,C,E
G,F,B
E,F,C,E,F,F
A,B,C,F,G,B
G,C,B,A,E
F,E,C,G,D,E,C
A,G,C,E,D,B,C
G,B,G,F,G,B,F
A,C,B,B,F,F
F,G
C,G,G,C
C,A,C,F,F,E,F
C,D,B,C,C
D,C,F
D,A,F,F,B,C
C,G,B,F,A,A
A,F,C,C,E
C,C
G,E,B,G,B,G,B
C,F,C,F,C
A,C,C,G,E,C,A
C,C,C,A
F,F,F,B
F,C,C,E,C,C
B
F,F
E,C,C,F,A
C,F
C,F
G,F,C,G,A
E,C,F,C,G,A
F,F,F,F,F,G
G,F,F,C,B,G,G
C,C
G
C,G,C,A,G
G
B,E
F,C,C,C,A,G
F,B
A,C,C,C,B,F
A,F
F,G,F,A,F,G
F,C,B,C
C,F,D,G,F
C,A,A,F,A,C,B
F,D
C,B,F,C,C
B,C
B,F,C,A,G,G
F,C,G,G,C,F
C,F,F,C,F,C,C
C
C,F,F,G
G
A,E,F,G,B,C
C
A,B,F,C
C,G,E,A,B,C
A,C,E
F,C,G,F,C,B
E,F,C
E,D,D,C,E,A
F,F,F,C,D,F
E,F,G,B,C,C,G
C,C,D,G,G
F
B,C,F,G,F
A,C
C,A,G,F,D,F,G
F,C,G,G,E,A
E,A,G
C,C
C,E,F,C,G,E,F
A
F,E,G
C,C,C,B,C,C,F
E,B
B,F
A,F,C,C,F,C,C
G,F,F
E,C,C,F,C
F,C,G,F,C,D
E,A,G,B,F,F,B
B,E,F,D
A,G,E
F,C,F
G,D,C
B,C,C,F,F,E
B
C,B,F
G,D
F,G,B,C,E
G,F
F,E,C,E,F,B
F
E,G,A,A
G,C
G,F,F,A,C,F,A
E,F,E,E,F
B,F,C,B,C,G,F
C,G,F,C
F,C
A,C
F
B,G,C,F,B
B,C
A,F,C,C,D
C
G,B,C
G,G,C,E
D,F
E,B,C,C,G,C,A
E,B,G,C
B,C,E,A,G,C,C
C
G,F,C,C,F,C,G
C,G,G,D,C
A,G,C,F,C,F,C
E,G,F,F
C,F,C,B,C,C
C,G,B
C,A,A,C
G,C,C,D,F,C,B
C,F,F,B,C,B
C,A,C,F,C
G,C,A
C,B,C
F,C,F,C,C,C
G,C,F,F,G
E,C,B,C,A,F,F
A,A,E,E,G
A,C,F,A,E,G,A
D,F,C,G,E,E
F,A,A,B,B,E
B,C
D,C,B
F
C,G,B,A,C,F,C
G,G,F,G,B,E
G,C
B,B,G,C,F,B
C,C,C,C
C,A,D,F,F,C,E
B,G
F,C,F,A,C,A
F,B,F,F
B,A,C
C
E
C,F
C,C,E,C,C,F
G,D,C,D,C,C,G
B,A,G,C,F,G,E
B,F,B,G,C,F,F
C,C
C,F,F,C
C,F,F
D,F,C,F,C,C
E,C,C,F,E,D
F,B,F,E,F,E
B,E,G,F,B,B,A
G,F
B,F
F,G,B,F,A
C,E
F,B,G
B,A,F
G
E,F,E,F,C
A
C,F,F,C,C,A
C
F,B
C,B,A
C,C,E,A
E,F,F,A,D,C
C,G,B,C,F,D
F,D,C,A,C
C
C,G,C
C,C,G,F,B,G,G
E,F,C,C,C,G
F,A,G,C
D
A,B,C,C,F
C,E,C
C
C,C,A,B,B
F,F,C
C,G,F,G,F
F,C,A,F
F,E,B,B,G,B
E,G,F,C,E
F,C
C,C
G,F,A,E,G,G
C,F
E,G,G,B,F
F,A
C,G,G
F,G,B
G,C,E,F,B,G
G,F
B,D,C,C,G,G
A,F,E,E
C,C,G,C,C,A
G,A,F,G,D,F
C
A,B,F,C
F,C,F,F,A,D
A,B,A,F,A,F,E
C,C
F,E,C,C,E,E
D,G,E,C,C
B,E,F,F,B,C,E
F,F,F
C
F,C,F,F,C,C
C,E,E
G,C,C,F
B,C,D,F,C
F,C,B,E
F,C,B,F,C,C
F,E,E,B,C
E,C,C,C,B,C
C,G,F,F,B
G,C,E,C,F,B,E
F,E
B,C,B,F,G,G
C,C,C,F,C
B,G,B,E
C,A,C,F,F,E
A,C,G,F,A,F,F
D,C,B,F
G,C
G,D,C,E
C,C,F,C,F,F
F,G,A
E,F,C,A
F,G,D,G,G
F,A,G,C,C,E,E
C,A,C,D,C,C
C,C
F,C,B,F,F,F
F,C,C
A,E,C,G,C,G
G,G,E,C,C
B,F,C,C
F,F,B,C,E,D,F
F,B,G,E
D,G,F,F,C,B
E,F,F
A,C,F,C,A
F,D,A,F,F,F,B
F,C,C,D,G,G
C,C,A,G
B,C,C,D,G,G
A
G,G,F,E
B,C,G,B,C,C
G,F,F,F,F,F
B,G,G
C,E,B
E,E,C
C,C,C,G,C
B,F
B,B
F,F,D,G,F
A
E,C,E,F,A
F,C,C,F,C,B,G
F,C,C,F,A,F
F,E
C,F,B,F,C
B,B,C,B,F
B,F,B,C,B
C,G,C
G,F,B
C,C,B,A,C
A
F,G,G,B
A,F,B,C,C,C
A,C,C,F
C,F,C,A,B,C
A,F,C,C
C
F,F,E,C
A,B,B,F,D
B,D,F,B
F,F
E
A,C,B
A,A,B,G,F
G,F,B,C,C
F,B,F,G
C,C
F
C,E,B,C,B,G,G
F,G,C,C,B
F,G,C,A
G,E,C,E,B,A
F,B,E,D
F,G,F
F,F
F
B,F,B,B,F,A
C,G
E,A,C,F,F,C,B
F,A,F,B,B
G,C,C,F,A,C,F
C,D,F,F,C
C,C,B,F,B,B,F
C,F,F,B,C,F
F,B
F
F,F,D,B,F
F
F,B,C,C,F,C,A
C,F,C
C,C,C,G,F,B,C
C,G,F,C,F,A
C,F
C
C,F,E,B,G,F
B,B,F,C,F
A,D,F,C,F,F,B
B,C,G,F,B
C,F,G,F,C,C
C,C,C,C
C,C,F,E,C,F,F
A,C,F,F
F
C
F,A,C,G
C,C,F,G,A
B
G,E,C,B,G,C,E
B
A
G
C,F,C,C,E,E,B
B,B,C,G,F,F
F,E,F
B
F,G,G,F,C
C,C,F,C,F,C
G,F,G,F,C,D
G,C,F,G
F
F,E,C
B,F,B,F,C,C
F,B,F
F
C,F,C,C,E
A,F,C,C
C
A,C,C,F,E,E,B
F,F,B,C,D
B,E,F,G
B,F,F,B,E,F,E
C
C
C,G,D,E,F
G,C,B,F,C,G,G
C,B
B,C
B
A,A,G,C,G
B
F,F,C
A,C,B,F
C,E,C,F,C,C
B,C,F,E,B,F
F,C,F,A,A
B,A,F,C
F,G,C
G,C,D,G,F
F
B,G,F
F,D,F
G,A,G,C,D,C,D
F,F,C,C,C
C,E,B
D,B,C,C,C
B,C
C,C,B,C
F,C,F
C,E
F
C,A,A,F
C,C,F,G
C,C,F,F,F,F,C
C,C,G,C,F,F,F
C,F,B
G,G,C,F,G,C,C
C,C,G
G,C,C,F
B,B,F,C
G,C,C,A
G,F,A,C,C,F,A
G
F,B,A,D,F,F,F
C
D,D,F,F,F
C,B,F,C,C,F
C,B,C,B,D,F
F,D,E,F
A,F,C,C,F
E,C,A,A
C,B,C,F,C
C
F,D
F,D,G,E,C
G,C,F,B,B,B,G
F,C,F,C,F
C,C,F,F,B,F
C,C,G,F,A,C
C,E,C
G,C
A,B,C,C,C,E,F
F,F,C,C,G
G,A,C,D,C,B,A
C,F
C
A,B,F,F,F,F
C,F,A
F,B,F,F,E
G,G,G,C,G,A,C
C,G,F,D,B
C,B,A
G,F,F,B
C,C,C,C,C,F
F,G,F,F
F,D
D,B,B,B,E,C,G
A,G,C,F,F,A
A,F
F
F,C,E
C,C,C
C,F,F,F
D,F,G,C,C,F,C
E,C,G,F
E,F
G,B,F,F,F
C,C,C
E,D,B,G
G
F,C
C,G,G,C,F,E,A
G
G,G,C,F,B,E
F,F,C,E,F,D,F
C,A,B
C,C,F,B,B,C
F,C,C,C,C,C
F,F
C,F
F,F
A,G,F,A,D,B
D,G
C,C
A
C,B,B,C,F,E
C,A
F,E,G,E,A
A,F,B,B,E
C,C,F,E,A
B,A,A,G
E
C,B,F,G,G,E
G,G,A,F,G,F,F
C,A,A,F,C
C
F,G,F,C
C,B,F,B,F,C
F,F,C
C,A,C
G,F,G,F,C
C,F,F,G
G,C
F,F
F,F,A,C
E
C
B,C,B,F,G,G,C
C,E,A,B,F,B,C
A,C,F,C,C,C,A
F,C,F,E,C
F,C,G,C
D,G,C,F
G,A,E,F
A,G
B,F,B,E
G,F,C,G
F,C,G,E,C,G,F
E,G,G,C,A,G,F
F,C,C,C
C,F,A,F,C
A,C,G,A,C,F
C,E,G
C,A
B
F,A,G,F,C,F
C,B,B,B,C,F,F
E,G
C,C,C
A
C,G,C,F,C,C
F,A,A,E,F,F,C
G,B,B,B,F,G
F,A,F,C,C,E,C
F,G,D,G
F
D,E,D,F,D
A,E,F,D,G
F
B,A,B,C
C,C,F,F
F,D,F,F
C,F
F,C,F
A,A,C,B,D,G,F
G,F,F
F,B,C,G
C,C,C,E
F
B
F,A,C,B
C
F,F,C,B,E,B
C,C
B
F,F,B
G
C,F
G,C,F,F
F,G,B,E,E,G,C
A,F,A
C,F,C,B,G,C,A
F
C,C,B,E,C,G,E
B,E,C
C,C,F,C,B,E
A,C,G
B,C,B,F,D,C
A,C,F,F
G,C,G,B,G,G,D
C,F,C,F
F,F,D,F,C
C,G
E,C,B,B,C,E,G
G,D,A,F,C,D
F,F,C
A,B
C,C,C
B,F,F,B,C,D
A,G,D,C,G,E,F
D,A,F,C,F,B,C
F,F,C
C,F,G,C
C,C,C,G
B
C,F,F,F,F,C,E
B,C,F,C,B
F
D,E
F,B,F,F,F,G,F
F
C,D,G,G
C,C,C,G,B,A
B,D
F,F,F,C,F,B
F,E,F,C,E,C,B
A,G,A,F,F,C
E,A,B
E,C,D
C,G
F,C,E,F,F,C
D
C
F,A,G,C,C,C
C,G,C,F,F,A
B,F
C,F
E,F,C,B,B,F
C,C
C,B
G,C,A,C,F,F
E,D,A,B,C,G
F,E,E
D,G,C,E,C,A,B
E,E,C,C,B,C,C
C,G,C,C
C,F,F,B,C
F,B,C
B,F,B,F
F,E,F
C,F
C,C,F,F,C,C
F,G,F,F,D
B,C,E,G,F,B
D,F,B,C,F,C
D,D,F,G,F
C,A,C
B,C
F,B
E,F,G
A,C,F,G,C
F,C
C,A
G,E,F,F,B,G
C
G,G,B,C,F,C,F
G,A
B
C,B,C
G,C
C,F,C,G,B,E,C
G,C,C,D
B,B,C,F,F
D,C,A,D,E
C,A,F,A
A,F,E,A,E,B,F
F,B,C,F
G,C,C,C,C,G,G
F,G,C,B,F
G,B,C,F,F,F,C
G,C
C,F,E,C
F,D
B
B,B
A,F
C,A,C
C,E,F,F,C,C
C,A,F,F
C,F,C,F
B,D,F,C
C,C,C,B,F,F,G
F
F,B
G,A,A,C,F,G,C
B,G,F,C,B
G,F,B,F,E,A,C
C,F,F,D,B
C,B,B,B
F,C,C,F,F,E,A
C,F,B,C,B,C,C
B,F
F,C,C
C,D,C,C,E
C
C,C,B,B,C,A,F
C,G,F,F,C,A
C,G
A,F,E,C
C,F,F,F,B
C,C,A,F,C,G,C
F,G
C,E
C,G,F,A,B,F,F
C,B,E,G
B,C,G,F
C,D,A,A
F,B
A,E,C,C,D,C,F
G,F,C,F,E,C,C
E,A,C,G,B,C,F
A,B,G,C
G,B,F,B,C
E,F,G,G
F,C,G,F,C
B,E,C
B,A,C,C
C,G
C
E,G,G,E
C,F,E
E,B,A,C,C
C,F,B,F,F,F
C,G,A,F
F,F,E,F,C,C,D
B,C,B,F,C
C,C,A,E
A,F,F,C,C
C,A,E
B,F
G,C,F,C,C,B
C,A,F,G,A
G
B,E,C,G
C
G,F
F,E,B,G
F,A,A,F
C
F,F,A,C,G,G,F
A,B,A,E
B,B
C,C,B
C,G,E
C,A,G,A,B,D
B,G,F,C,C,C,C
B,C,F,F,B,C,C
G,F,C,C,D,F,F
F,G,B,F,C
B,D,D,C
F,B
F,F,E,C,A,A
B,E,F
E,G,C
G,C,G,C
F,A
G,A,C,C,C,F,B
F,F,B,C,G,B,C
G,G,F,C,G,B
A,C
C,F,G
A,B,F,C
C,B,C,B
B,F
D,D
C
F,C,C,G,F,B
F,A,E
B,G,E,B,B,A,A
G,C,F
D,C,G,F
C,F,B,E,C,G
G,B,F,F,A,C,G
A,C
F,G,C,C,F
F,F,F,F,E,F,C
C,C,C,C,E
B,E,B
B
E,C,C
E,B,G,G
B,G,C
E,F,C,B,F,B
A
C,E,F,C
C,C,C,C,C,B
C
B,F,E,C,F
F,C,B,C,C,F,E
B,E,C,C,C,C
C,G,D,C,C
C
F,F
G,G,F,C
B,E,C,F,F,F
E,G,F,F,G,E
C,G,D,B,C
C,C,A,F,F
F,C,D,G,C,G
B,F,C,B,A
C
E,F
G,F
F,B,G,E
B,F
D,F,E,B,D,C
C,C
F,C
F,G
C,C,F
A,A,G,D
B
C,C,G,A,B,G
F,G,G,B,A
D,A,G,F
F
B,G,G
A,E,F
A,F,F,G,B,B,B
C
B,E,C,C,B
G,G,B
C
F,C,F,C,C,A,B
C,F,D,G,F,E,E
F,F,A,F
E,C,C,C,C,B
A
C
E,C,B
C
G
E,F,G,G,E
G,B
D,D,G,F,F
A,G,C,C,F,F
C
B,B,B,C,C,F,F
E
G,B,C,G,C,A,B
F,C,G,C,A,C
C
B,G,C,C,D,C
G
G,A,C,F
F,G,C,G,C,C
A,F,F,F,B,F
F,E,A,B
C,A,C
C,G,F,F,C,F,G
G,A,F,F,F
A,C
F,C,C,C,G,E
C,E,A,C,A
C,G,G,G,F,B,C
D,C,C
C,C,F,E,C
C,C,F
F,F,C,C,F,F,E
G
A,G
C
E,F,C,E,F,G
G,G,B,F
F
G,F,C,G,E,B
F,B,C,C
A,F,F,C,F,C
A,C,C,C,F,B
C,F,E
C,E,C,E,F,C
F,C,G,C
B,C
F,B,C,F,B,C
C,F,F,B,G
F,C,G,B,F
F,C,G,E,B
C,C,F,C,G
F,C,C,F,A,C,C
C,E
B,A,F,G,C
G,C,C
C,C,C,C,C,E
D,B
C,B,G,B,D,G,E
F,C,B,F,F,F,F
B,C,B
A,C,G
C,C,C,F,F
D
A,F,C
A,F,F,C,F,C,F
G,F,A,G,B
F,C,C,C
B,B,B,C,A
C,B,A,B
B,B,G,F,C,C
F,G,C,F,C,F,F
F,C,E,C,C,F,C
E
C,C,F
C,A,C,C,E,G,E
F
E,B,C
C,C,C,C
C,C,C,F,A,A
C,A,F
F,B
A,F,A
C,C,F,C
B,G,B,F,C
C,E
C,D,F,F,G,E
E,F,F,C,F,F,F
C
F,G,C
B,B,G,B,A,A,C
C,G,C
B,A,G,A,B
F
D,C,G
C,G
D,C,C,F,C
F,G,F,F,E,F
C,C,F,A,G,C,B
B,F,E,C,G,B
C,E,G
B,F,F,E,C
E,G,A,F,D,G
A,C,F,C,E,C
C,E,F
C,F
C,E,F,B,C,F,A
F,F,D,C,C
G,C,E,F
C,B,C,B
A,C,D,G,F
B,F,A,G,C
C,G,C
B,F,G,D,B,C
B,C,C,B,E,G
C,F
A,F,G,E,B,E,G
B,B,F
A,E,F,E,F
F,C,C
B
G,G,F,C,F,B,F
B,G,F
C,F,C
C,F,E,E,G,C
C
B,E
C,C,C,A
A,F,C,F,F
F,G,B,F,G,G,B
F,A,G,B,G
G,C,C
C
C,C
G,G,C,C,C,B,D
A,F,C,A,C,C,G
C,C,B,E,G,B,E
G,B,B,E,B,D,F
C,C,E,F,C,G
E
C,F,C,F,F,C
B,C,A,F
G,B,B,E
C,F
C,G,C,F,A
G,G,F,C,F,B,A
E
G,G,F,C,F,C,E
F,F
C,F
D,G,C,F,C,G,C
B
D,B
C,C,C,A,E,E,F
D,F,C,G,C,D
G,F,G
G,B
F,A,C,C,F,E
F,C,C,D
B,F
C,A,E,G,F,E,E
C,C,G,D,C,B,E
E,B,C,F,G,F,F
C
C,G
B,C,E,A
E,F,B,C
C,B,B,A,B,C,G
B,F,F,C,B,F
A,C,A,F,C,F,E
G
A,A,E,F,E
C,G,F,C
F
F,B
D,F,A,C,C,C,C
C,G,C,D,F,B,B
C,C,G,B,A,G,B
F,B,E,B
C,C,G,G
C,C,B,C,G,E,F
B,F,F
E,G,E,F,D,C
B,F,D,F,A,D
G,C,G,C,F,C,C
F,C,F,C
C,E,E,C,A,A
B,C,B,F,E,G
C,F,B,C,C,G
F,A,C,F,G
G,B,E,D
A,C,F,F,C
F,G,F,G,E,F,E
C,F,G,F,C
A,E,C,C
C,F,B,F,C,B,G
C
C
F,A,F
G,C,A,F,C,B
C,G,C,G,C
F,F,F,D,A,C,C
F,C,B,G,C,D
C,F,F,C,C,C,G
C
F,C
F,B,F,G,A,C
B,A,C,F,G,G
A,C,C,G
C,C,F,F,C
G,C,F
B,F,C
E
F,A,G,F,F
D,C,G,C,C
F,C,A,E,C,G,C
F,B,F,C,F
F,B,A
A,E,F,G,C,C
C,C,G
C,C,C,F
F,A
F,C,F,C,G,C,G
F,B,C,A
E,C,E
F,E,E
D
A,F,G,C,F
B,G
C,F,F
C,C
C,B,E,C,F,C,B
B,C,A,B,F
B,G,C,C,C,A,B
B,C
G,D,F,F,F
F
C,B,G,A,A
C,F,C,E
F
E,C,C,C,F,C
A,F,C,F
C,C,A,G,F,G,C
C,C,C,G
F,A,F,B,C,C
G,G,C,B,F,C
F,F,F,E
A
C
B,G,A,C
F,F,C,F
C,E,F
C,G
F,A,F,F,C,F
F,G,C,G
E,D,C,F,F,D,E
C,C,B,C,E,A,C
A,F,G,F,B,F
D,G,C,B
C,D
F,C
F,G,E,F,A
F
G,F
G,C,C
A,A,C
F,G,B,B
B,C,F
G,C,E,F,C,F
A,G,B
C,F,C,F,E,C,C
F,C,F
F,D,B,F,B,E
D,E,F,F
B,E,B,C,C,G,C
C,F,D,F
C,C
E,C
B,G,E,A,F,C
F,A,C,A,E,C
C,B
C,F,E
F
C,F,C,B,F,C,C
C,C,F,G,F
D,G,F
B,E,D
F,C,F,G
G,G,F,F,C,G,B
C,F,F,F,G,E,G
F,D,B,D,C,F
A,D,G,E
C,B,G,F
C
C,B,F,B
C,C,F
C
A,B,C,F
C,C,C,B,F,C,F
A,C,C,E,C
A,C,B,A,B,A
C
G,G,G,F,C
E,E,C,B
G,C,G,G,C,C
F
B,B,C,D,G,A,F
C,C,F
G,G,C
G,F,B,C,E
C,F,C
C
A,E,E
C,C,C,C,C,F,E
F,D,C,F,C
B,F,C
G,B,E,C,F
E,C,B,F
C
F,B,A,G,G
E,C,E,C,E
C
G,B,C,F,F,C
C,C,C,F
F,E,D,D,F
F,C,F,F
C,E,E
C,D,F,F
C
C,E,C,B,B,F
B,G,C
G,F,D,G
E,C
F,B
C,C,C,C,B
F,C,B
D,C,F,F
C,B,B,C,A,E,E
F,A,F
B,E,C,B,F,E,D
F,E
D,A
A
D,F,D,B,F
B,F,E,B,G
C
C,C,C,A,F,C
F,A,A,F,B
E,E,C
F,F
G,C,F,C,A
C,E
G,B,F
G,F,C,C
C,B,F,G,C,C,B
G,F,E,F,B
C,C,D
G,D,B,C,C,F
B,G,C,F,F
A,D,E,B,B,G
F,A,E,F,G,B,G
C,E,B,C
C,C
C
B,B
C,E
D
F,C,G,F,C
D,A,G
F,E,C
F
F,A,G,B,C,B,B
E
G,B,D,G,D
C,B,G,G,E
A,F,F,A,C,C,C
G,B,E,C,B,C,C
E,D,C,B
G,B,G,C,B
G,G,B,A,G,D
G,F,B,A,C,C
F,F,F,A
A
F,F,C
E,D,C,B,A,C,C
C,C,A,F,F
F,B,G,C,B
C,B,C,D
G,B,C,F,F
E,F,B,G,G
F,C,C,F
G,G,B,A,B,C
C,D,F,G,A,F,C
F,D
C,E,C,F,C,F,F
F,B
D
F,F
C,B
C,B,E,F,F,F,C
G,C,C,D,G,F
F,F,B,G,C,C,G
E,C
A,A,A,A,C
F,E,G,F
E,F,A,C,C,G,A
G,F
A
G,E,B
G,F
G,F,F,F,A
F,F,F,B
D,B,C,C,C,A
C,A,F
F,C,D,D,C
G,G,B,G,C,G,C
F,C
C,E,G
A,F,C
C
F,F,C,G,C
C,F,F,C,E,E,G
F
F,F
C,C,E,B
D,C,C
F
A,F,C,C
B,C,C,C
G,C
G,G,F,C,F
D,C,C,F
A
F,B,C,A
F,C,C,D,B
C,C,C,B,E,G
F
F,F
C
C
F,F,F,F,G
F,E
C,C,C,C,G,G,C
C,C,C,C,A
B
F,C,F,F,G
E
G,F,C
C,C,C,B,C,G,C
B,G,F,C,F,C,F
C,G,B,G
C,C,B,E,C,B,G
C,D,C,A,C,A
C,B,E,B,F
F,F,F
E,E,B,F,G,F
C,G,E,B
D,B,C,B,D,C,F
E,B,C,B,F,F
F,F,F
G,G,C,G,F,B
B,C,G,F
C,F,B
C,G,B,F,F,B,F
C,F,G
G,C,B,F,F
B,B,B,A,C,C,F
C,B,G,G,C
F,C,F,G,C,E
E,G,B,F
B,F,F,C,C
D,F,C,G,F,C,E
C,F,F
C
B,D,B
C,F,C,B,E,C
B
C,F,C,F,B,C
C
C,G,F,E
D,A,F,F,C
A,C,B,A
G,G,C,C,C
F,B,B,F,C,C,C
C,D,B,E,F,A
C,F,F,B,E,G
C,B,C,C,G,D,B
C,E,F,G,B,A
F,D
E,B,D
C,C,C
C,C,B,C,F,F,G
E,E,C
C,G,F,C
B,C,C,G,C,E
C,C,E,D
G,C,A,F
E,C,C,B,C
F,E
G,C,G,F,A
C,A,A
C,F,F,G,C,D,A
F
F,D,F,F,C,C,C
F,F,C,E,D,A
F,C,F,A
F,A,C,F
F,F
G,B,C,F
G,D,C,C,A,A
C,A
A,G,C,A
C,D,F
F
C,A,G
F,C,F,G,D,F
B,F,C
F,C,F,C
C,A,C,C
F,C,E,B,F
G,B,C,B
C,F,C,C,F
C,B,F,A,E,C,C
B,C,F,C,B
F,F,F,D
F,E,C
A
F,F,G,F
C,B,F,G,E,G,F
C,E,C,C,F,C
C,A
E,C,C
E,F,C
C,C,C,F,F
B,E,A,G
F,G,G
B,F,A
F,B,C,C,G,F,C
B
C,B,C,F,E,F
C,B,C,B,A
B,E,G,B,B,F,C
F,D,F,C,A,E
D,F,C,G
E,B,B,A
E,A,F,A,F
D,F,E,A
E,C
E,F,F,G,F,F
C,G,B,F,C,F
A,C,G,F,A
C,G,F
F,E,G,F
C,E,A,F
C,B,C,B,F
E
C,E,G,G,G
C,F
F,C,A,B
B,F,B,B
A,G,A
F
F,G,F,F,A,F,A
D,B,B,C,B,E
A,C,C
G,F,E,B,C
C,A,C,B
F
C,A,A
A
B,F,F
C
C,C,C,B
C,C,F,G,C,C
C,B
C,F,D,B,F,G,F
E,C,F,G
E,E
C,A,B,F,B,E
C,C,E,A,C,E,F
C,C,C,G
C
A,C,F,C,F,C,B
D,E,F,C,B,G,C
E,F,E,F,A,F,C
B,E,C,E,F,C,C
D,C,B,A,C,E
F,E,G,B
C,C
F,C,F,A,F,G
C,B,F,F,B,A
E,C,E,C
A
A,F
F,C,F
B,B,C,E,D,D
C
C,F,F,B
B,A,F,F,A
F,C,F,G,F,E
B,F,G,G,C,C,B
E,A
B,B,G,E,F
E,C,A
F,F,F
G,F,C,A
F
C,E,B,C,F,B
G,F,C,G,A,B,F
F,E,G,C,B,C,F
C
C,A
G,G,C,B,F
E,F,E,A
G,B
B,F,C,E,F,C
C,C,B,C
B,G,C,G,B,G
C
C,C,F,F
B
C,D,F,F,A,D
C,B,C,F,C
E
F,C
F
E,B
B,F,C,F,C,F,G
F
B,F
A,G
F,C,C,C
F,C,G,C,C,G,G
G,D,F,C,G,C
C,G,G,F,F,C
F,A,F,G
F
B
G,A,G
E,F,A
B,C,A
C,G,F,F,G,C,D
A,F,F,F,G,E
C,A,A,F
E
B,G,B,F,G
C,C,E,E
A,C,G
A,F,D,B,C
C,A,C,G,B,C,C
C,B,C
F,C,F,E
B,F,C,C,E,G,C
F,C,E,G,F,F
D,B,B
C,B,F,B,C
C,F,G
E,F
C,C,C,C,G
E,F,F,F,B
C,C,E,G,C,E
C,F,C,G,C,A
C,A
B,C,C,F,C,A
F,A,G,C,F,F
A,C
E
G,G
C,F
E
F
E,F,C
C,A,F,B
D,C,C,B
C,F,D,F,A
C,C
G
C,E,C,E,B,E,B
C,A,C,C,F,F,C
F,C,G,G,E
E
C,A
A,C,C,A,C,D
C,C,F,B,C,G
C
F,F,G,G
C,E,B,A,C,A,D
B,A,G,A,F,F,C
C,C,G,B,A,C,E
C
A,C,C,C,C,C
B
C,F,F,C
B
F,F,B,C,F,B
F,A,E,F,B
G,C,F,C,C
C,C,C
F,C,C,G,G,C
D,F
F,F,F,F
G,F,G
A,B,G,B,F,E
C,A
F,F
B
G,A,F,A,G
D,F
C,C
F,C,C,C
F,B
F,F,E,C,C,E,C
B,C,C,G
E,G,C
F,E,G,B
C,C
D,D,E,F
C,G,G
B,C,F,G,C,C,G
A,B,D,D
C,A,C,A,F
F,G
E,F
B,G,B,E,B,G,G
A,B,C,F
F,B
B,F,G,G,F,F,B
C,G
E,C
F,C
A
F,C,F,A,F
C,B
B,F,A,F,B,E
E,F,F,F
C,C,A,C,C,B,E
C,C,C,D,B,C,G
G,D,A,C,C
C,C,D,F,G,E
C,F,G,D
E,F
C,F
E,C,F,A
C,F,C
C,F,G
C,F,G
F,F,G,D,G
C,F,F,B,E,B
G,G,C
E
A,C,B,C,C,C,F
E,C,C,A,C,F
C
E,C,C,F
G,C,C,F,C,B
A,B,G,B
F,C
D
F,F
E,G
F,C,B,B
C,F,C,B,A
B,B,C,C,F,B
C,E
B,F,E,C,F,B
F,A,F,A,C,B
E,C
C,C,C
F,B,D
A,A,C,F,B,F,F
F,F,B,F,A,E,E
C
C,E,C,F,F,A
G,B,C,B,B,E
B,G,G,F
C,E,C,C
C,C
C,D,C,F,C,F
F,F,G,F,G,F,C
C,G,C,F,B,C,E
F,A,E,E,B,C
C
C,C,B,G,F,C,C
C,C,A,F
G,C
C,G,B,G,F,F,G
C,A,F,E
F,E,B,A,C,C
A,C,A,A
F
E,F,C
C
E,C,F,E,G,F
C,E,G,F,D
F,B,F
A,F,C,F,E,C,F
B,C,E,D,F,C,C
E
B,C
C,C,C,A,A,E,G
C,B,E,C,F,B,E
F,C,G,C
A,B,G
F,A,B,F
F,B,C,B,C
C,E,G,E,F
G,C,C,A
C,F,G
C,B,C,F,F
B,F,F
A,E,C,F,G,B,C
E
D,F,C
C,G
F,F,F
F,E,C,F
C,F,F,C,A
C
C,B,F,C
E
C,A,G,F,A
D,A,F
G
E,C,E,G,F,F,F
C,B,C
E,A,B,C
E,B,C,F,G,C
F,D
B,G,C,B,B,C,G
F,B,F,B,E
C,F,B,C,G
C,A
B,F,C,C
G,A,B,F,D,F,G
C,G,G,F,A,E,C
G,C,G,F,C
A,B,D,G,C
G,G,F,C
C,F,A,E,F,G
G,E,C
F,F,C,G,C
C,G
C,C,C
F,B,A,F,C,A
G,B
C,F,C
F,E
A,F,F,B
F,C,E,C,A,B
C,C,F,D,E,F
F,C,E,F,C
F,B,B
G,F,F,C,B
A,C,F,G,D,F,F
E,B,F,E,C
F,F,B,F,B,A
C
B,A,F,B,C,C,G
C,F
G,F,B
G,F,C,A,F,G
F
C,C,G
B
C,D,G
C,C,E,G,D,C,C
B,C,B,C
C,B
C,C,E,B,G,B,C
C,C,C,F,G
C,B,F
G,F,C,C,C,G
C,F,E,E,C,C,G
B,D,C,D,C,C,C
A,B,B
F,C
A,E,F,G,C
A,A,C,D,B
D,F,A,F,C,F
F,F
F,C,A
C,G,G,B,F,F,G
G
C
D,C,G,F,A
C,G,A,F,G
C,C,C
B,A,F,C,E,C,C
C
C
G
B,C,B,C,C
C,A,F,F,F,C,C
F,F,F
F,C,F
C,F
E,F,G
E
F,F,B,A
A,G,B
F,G,G,A,E,B,B
C
F,G,C,G,C
G,G,G,E
E,F,C,G
G,C,A
F,C
A,C
C,C,A,G
F,C
C
G,F,E
F,C,B,G,A,B,G
C,A,B,C,C,G,C
A,F,E,C
E,F,D,F,D,A,A
A,G,C,F,C,C
A,B,C,A
B
F,C
E,D,C,F,A,F
C,C,G,A
F,D,F,F,F,F
C,F,B,C,C
C,C,G,B,D,F
D,E,F,A,A,A,E
E,C
E
D,F,A,C,D,B
F,C
B
C,F,C
G,G,B,F,A,G
F,F,E,F,B,B
B,F,F,F
C,E
G,B,B
F,B,F,C,C,G
A,C,A,B,A,F,F
G,C
F,C,F,F,D,C
F,A,C,E,C,C
A
G,G,F,C,F,E
A,G,F,G,C,G,F
E,F,C,C
C,B,F,F
D
G,B,G,B,C,F,A
F,A,B,B,C,C
E,A,C,C,D,B
F,F,G,C
B,G,E,C,E
F,G,F,G,C,C
C
C,G,A,F
G,A
C,B,F,F,B
C,E,C,F,C,C,G
F,C,C,A,G
C,C
F,G,B,F,A,C
B
G,A,F,C
B,B,C,B,A,G
C,E,C,F,F
E,A,C,G,D
F,F,G
G,A,C,C,C,E,C
C,G,B
C,D,F,E,B,B
F,B,F,G,F,F,C
F,B
C,E,C,C,B,C,C
C,G,C,C,B,C
G
E,C
C,B,C
C,C,E,C,C,B
C,F,F,E,E
C,F
C
C
A,C,E
E
G,C,C,F,A,F
B,G,B,F
E,F,C,A
C,A,G,C,F,F,F
B,B,F,C
C,F,B,F,B,E,B
F,F,C,F,F,B,A
C
C,E,E,F,F,E,F
C,G,C
C,C
F,G,F,F,F
E,C,C,A,C
A,E,F,F
C,C,F,A,F
E
C,F,A,F
A
F,G,C,C,F,G,D
F,D,F,B,F,C,B
C,F,F,G,A,B,E
B,E,C,B,C
G,F
F,F,A,B
G,F,D,F
C
A,A,G,F,B,G
G,E,F,E,B,C
C,C,E,F
G,B,B,D,C,B,E
G,F,B,C,C,B
B,A,C,B
C,B
G,C,G
B,E,C
G,A
G,F
G,E,G
C,D,E,C,F
C,F,E,B
C,G
B,A
A,G,B
B,C,F
C,C,C,F,E,C,C
F,C,G,F,B,C,F
F,F,C,C,F
A,B,F,A
F,C,C,A
G
E,C,F,F,G,C,F
D,C,B,B,E
A,E,A,E,C,F,B
C,G,B,A,C
G
A,E
C,C,B
E,B,G,E
E,F,F,A,C,F
C,G,C,B,G,G,F
E,C,C,G,F
C
D,A,F
C,F
F
B
F
G,D,C,A
C,C,F
C,F,G,B,C,E,D
C,G
B,B
C,F,C,F,A
C
B,A,F,F,F,B
F,G
E,D,C,B
D,F
C
B,G,F,G,G,C
C,C,E
G,F,F,F,D
G,C,C,F,C,A
B,C,F,B,F,G,F
F,F
C,D,F,B,E,F
B,B,B
B,C,F,F
C,G,C,C,A
D,C,C,G,G,F,A
G,F
A
C,B,G
C,E,F
F
C,F,C,C,B,C,C
A,B
E,E,F,C,F,A
A,E,B,C,B
C
E,C,F,F
F,C,C,G,B
C,F
B,E,F,F,F,G
C,F,B,G,F,C,B
F
E
B,F,B,C,C
E,A,E,A
F
B
C,C,C,C,C
C,A
F,F,C,D,G,G
E
B,F,C,F,F,B
F
F,F,F,G,C,G
E
F,G,C,C,C,C,C
D,E,C
A
D,F,C,G,B,F,F
G,E,E,B,F
F,C,F,C,G,A,F
F,C,C,G,B,C
E,A,C,G,F
D,F,B,F,A,G
F,C,C,B,F
E,D,F
G,C,C,F,F,A,A
E,C,E,F,E,F
B,A,D,G
A
B,C
E,F,D,C
C,B,G,E,E,F
B,D
B,F,C,C,E
E,C,A,F,C
C,F
F
F,F,C
C
C,F,B
F,C,F,E
F,C,F,G,C
E
F,C,A,C,B
G,G,B,C,F,C,F
F,G,C,B
F,G,B,B,C,A
C,A,E,F,F
E,F,F,E,G
C,G,C,C,B
C,C,F,E,F,E
D
G,G,B,C,C
C,C
G,C
C,C,B,C,B,F,G
G,G,F,G,F,C,E
F,G,E,B
G,D,A,F,E
B,F,C,C
F,F,C,E
G
E
D,B,B,G,F,C,F
G,G
B,G,F,F,E
D,A,C,C
F,G,G,C
D
F,E,B,C,F,C
E,G,F,F,F
C,G
C,B,F,E
C,F,C,G
C
B,G,C,G
C,F,B,G,B
B,F,B,F
F,C,E,C,B,C
F
D,G,F,B
F,G,F,F
G,G,F
A,B,C,C,F
E,A,G,B,C,C,C
C,C
B,F,G,C,B
F,C,C
C
C
F
B,F,G
C,B,F,C,A
F,F
F,B,C,B,C,G
C,F,F,C
F
C,F,C
B,G,F,C,E,C,C
B,C,F,C,A,B
C
F,B
G
F,B,C
C
G,G
A,F,F,C,C,C
F,A,F,B,F,F
G,E,C,F,G
F,G,F,A,B
B
F,C
A,A,F
E,C,F,F,G,G,A
A,C,G,C,F
B,C,D,F,G,A
F,C,G,D,C,C,F
D
A,G,C,C
E,C,E,B,B
F,C
G,D,F,F
E,C,B
G
C,C
G,B,G
F,B
F,C,C,B,F,C
C,C,C,G,A,G,C
F
F,C,C,C,G,E,A
C,C,F
F,C,F,C,B,C
F,B,C,F,A,C
C,C,F,C,D,E,G
B,E,B
F,B,E,F
C,E
E,E,D,D,B,C
F,C,C,B
C,G,C,E,F,G,C
B,F,A
B,C,B,F,D,D
C,F,C,C,B
C,F,B,C,G,D
A,C
C,F,C,F,C,C
C,F,B,F,B,F
C,C
C,C,F,F,E,B
F,E
C,E
C,F,C,C,C,D
F,C
B,B,C,G,A,C,B
C
D,E,B,B,C
F
F,B,C,F,B
F,C
C,F
G,B,F
F,F,C,D
E,E
C,C
C,G
C,D
G,A,E
B,F,D,C,G
C,C,C,C,G
G,C,C,B
E
G,D,G,D
C,F,C,C,C,B
F,C,E,F,F
C,C,C,C,D,C,C
B,C,B
F,E
B
C,A,B,A
A
B,B,C,F
F,F,E,F
D,G,C
C,G,A,E,A,C
G,A
C,A
F,C
F,G,F,C,C,F
C,A,C,D,C,C,F
A
C,C,C,E,F
C,C,F,A,C,G
F,G,E,C,E,B
C,G,C,D
G,E,B
C,B,A,C,E,C,F
B,B,C,A,C,C,C
D,F,A,B,G
B,D,C,E,A,C,G
B,F,F
G,C,G
A,C,C
F,F,C,F
B,B
F,F,C,E,B
A,C,C
E,G,G,E
C,G,G
E
B,G,F
B,C
C,F,F,F,G,F
C,F,B,C,B,F
A,C,B,A
C,F,B,F,A
F,G,C,F,C,C,G
A,C,E
A
B,F,G,C,G
A,C,B,F,E,C
E
B,E,G
B,A
F,F,B,C,C,F,G
B,C,G,F,D,F
D,G,G,F,D,B,C
C,A,F,B
F
C,A,C,E,G,G
E,B,D,F,A,F
E,G
C,B
C,F,C,F
C,F,A,F,C,G,F
E,F,F,E
B,B,F,F,C,F,C
F,F,G,F,E,F
E,A,C,F,F,G,E
G,G,F,E,E,F,C
C,C,C,B,C
F,C,B,D,F,F
C,C,F,F,G,C,B
G,G,F
C,F
F,B,B,A,F,G
F,A
C,D,C
B,G
E,D,A,C
B,C,C,F,F,C
F,E,C,E,C,F,C
F,G
C,F,G,F
E,D,F
C,F
F,E
C,B,F,C,A
F,E
A,C,C
C,F,G,E
F
B,B,E,C
C,F,B
C,G
D,C,C,F,B,E,B
D,D
C,C,B
B,C,F,B
C
C
C,E,C,D,A,A,A
C,C,B,B,C,B,F
E,C,A,C,C
D,C
F,B,C,C,F,C,F
B,F,E,F,E,B
B,B,D,F
F
C,B
C,C,C,B,C
E,C,B,C,C
C,F,E,A
D,C
E,E
F,C,B
E,B,E,F,A,A,G
B,C
F,C
F,F,C,C,C,F,E
A,E,C,G
C,C,C
C,G,C,F
F,F,G,F,C,F,C
C,B,B,C,C
B,A,G,B,D
F,B
G,G,G
C,A,A,F,A
B,G,B,C,G,F,E
C,C,F,F,C,F
A,C,F,C
F,E,F,G,C,G
F,F,G,C
C,G,F
F,G,C
E,G,A
F,C,F,G
F
A,F
C,C,G,F,C
F,C,F,C
F,C,C,E
C,B,C,E,E,A
F,B,F
C,C,B,C,F
F,E
G,F,G
C,B,C
F,E,F,D
A,E,G
C,D,C,C,E,C
F,C,B
F,C,F
C,C,C,F,C
C,G,A,F,E,G,B
G,F,C
A,C
A,A,F
F
C,B,A,C,A
G,C,F,F,G,F
F,F,G
E,D,C,F
C,B,C,C,E,F
C,G
C,C,C,C,C
C,F,A,B
C,B,B,C,C
B,E,E,C,E,F
B,G,G
D,B,C,D,F,G,C
G,B
C,C,F,F,C
G,G,B,A,E,C
A,C,B,D,F,E
C,C,F,C,B
F,C,D,A,F
F,B,F,F,F
F,F,A,F,G,F,F
F,A,F,F,G,F
C,A,F,A,B,E,F
G,C
B,C,F,C
C,C,E,G,B
A
C,E
G,F,C,F,F,A,C
E,C,C,B
F,F
C,F,A
C,C,G,E
B
C,C,B,F,C,E,F
C,C,A,F,C,G
F,C,C,C,A
G,C,A,B,D,E,E
B,E,B,B
C,F,G,C,F,B,C
C,C,C,G,A,F
C,B,C,G,F,B,B
F
C,C,C,G,F,G,A
C,F,C,F,G,G,C
C,F,B,C,D,C,F
F,F
C,B,G,B,G,F
F,F,C,A,G,C,F
C,E,C,E
B
G,G,C,E,C,G,F
B,F,F
F,E,C,B
B,E,D,C,G
F
F
C,F,B,C
B,G,F,C,D
F,C,F,D,B
C,F,D,G,C,C
A,F,E,F,B,A,G
F,C,B
B
B,E
E,G
C
C,E,D,E,F
C,F,G,G,B,A,C
C,G
D,C,A,F
E
C,E,C,B,E,F,F
B,D
F,G,B,C,F,E,C
E,E,C,B
F,E,G,D,G
B,C,G
G,F,C,C,E
C
A
A,G,F,C,F,G
A,E,C,G
B,F,B,B,C
B,E,F,D
G,C
A
A,C,F,A,F,G
G
G,A,C,G
C,G,C,B,A,E
A,C,G,C,F,F
B,B,F,C,B
G,C,C,C,E,B
C,C,C,G,G,A
D,B,B,E,C,F
E,C
C,G
A,E,C,G,F
G
F,C,F,C,F,A
F,B,C,F,A
G,C
D
C,A,F,G,C,B,A
G
B,C,F,F,D,E,F
C
A,C,F,C,C
B,D,G,A,F,F,C
B,G,B,F,C
E
F,F,B,G
F,C,G,G,G,C
C,G,F,B,A
A,B
F,G
B,G,F,F,E,E
G,G,F,C,C,C,B
D,F,F,C
B,C
A,E,C,F,F,B
D,C
F,B,C
A
E,C,G
G
C,F,C,C
B,G,B,C,C,C
G,B
E,C,C,F,B,F,E
C,B,B
F,B,F
A,G,G,G
C,D,A,A,G,C
F,F,E,G,F
D
F,A,E
B,G,D,F,F,C
G,F,F,C
C,C,E,C
C,G,C,A,C
G,B,G,C
C,F,B,C
C,C,F,G,E
F,F,B,B,C,F,C
C,C,C,C
F
A
C,G,F,D,C,E,B
E,G,A,G,B,F
G,B,F,F
C,F,F,F,A
D
F,A,C,G
D,E,F,E
C,F,C,C,E,F,F
G,B,E,C
C,B
C,C,F
D,F,A,E,F,F,C
D,B,F,C
F
F,F,F,E
F,F,C
C,E,G,G,B,F
B,C,F,B
B,B,C,G
C
B,F
F
B,F,E,C,A,A,B
C
B,C,E,B,F,B,E
G
B,G
B
C,G,C,B
C,F,B,B,C,B,C
C,E
A,F
C
B,C
G,F,C
A,F
A,F
G
F
B,E
G,C,C,F,C,F
C
C,C,C,C,C
C,C,A,F,C,C,C
B,F,F,E,F,E,C
B,F,B,E
F,G,F,C,G,C,F
G,A,A,F,F
A,E,A,G,D,C,F
C,G
C,E,E,G,C,E,F
D,G
B,C,D
F,F,F,F,B
C,F,E,F
E,B,F,F,E
E,F
F,F,F,C,F,C,F
C,E,C,F,F,E
A,C,B,D,F,F,F
F,C,B,F,E,B,A
G,F,F,E,F
B,E,G,A,C
G,A,G,A
G,E,B,C,C,C,C
G,D,D,G,B,A,C
A,B,G,C
B,C,B,E,B
E,C,E,C,A
E,C,F,B
B
F
C,C,A
A
C,A,G,C,F,B,C
E,E,C,A,F,B,B
F,D,G
G,G
B,C,F
D
B,C,C,G,F,C
F,A
F,C,C
B,F,G,C,E,G
F,C
C
F,G,A,C,B
E,C,E,C
G,A,F,C,A
A,A,F,C,F,D
A,F,B,C,C
A,C
F,C,B,G,F,G
C,B,G,F,B,G,C
C,C,C,A,C,B,F
F,F,C,C,C,C
B,B
F,C,C,C
C,F,C,A,G,F
F,G,E,C
F,B,C
G,G,C,F
C,A,B,F,C
F,B,B,B,E
G
G,C,C,C,G
A
D,E,C,F,B
F,E,E,D,C,D
C,A,A,C,F,G
F,C,F,C
E,B,G,B,B
F,C,F
C,C,E,A,C,C,F
C,G,F,F,G,D
F,C,C,F
G,D,B,C,B
B,F,F,G,B
C,C,A,F,B
C,C,C
A,G,G
E,C,D
B,F,F,E,C
C
F
D,B,C,C,C,E
F,E,G,B,A,G,C
B,F,F,B,E,B,G
F,G
A,F
C,F,G
F,C,F,D
C,G,C,C,C,F,F
B,C,C,C,F,C
G,F,F,F
F,C,B,C,F
A,C,A
D,B,F,F
G,C,F
F,F,A
C,B,F,F
A,E,A,B,E,F,C
F,A,C
A,F,F
F,F
G,G
F,C,F,C
G,F,B
D,B,F,G,C
F,B,G,E
D,A
G,A,B,F,B
G,G
G
C,B,B,A
F,C,C,G,G,F
C,C,C,F
F
F,F,C,F
F,G,G,C,F
F
A,C,F,G,E,F
C,F,F
G,C
G,C,C,C,G
C,D,E,B,E,G,B
B
G,F,C,C,G,G
E
C,A,E,A
F,A,F
C,F,C,C,F
G,F,E,E,A,B,C
B,G,C
B,C,B,C,G,E
C,F,E,G
B,B,E,A,C,C,D
C,D,C
C
E,B,G,A
C,F,C
F,G,C,F,C,F,C
F,G
A,F,C,G,B,A,C
C,B,C,C
F,A
F,E,F,F,F,F,C
F,C,E,F
C,B,B,G,B,E
B,E
G
D,B,G
G,D,C,D,B,C,E
C,A,C
B,B,F,F,G,C,C
F
G,F,F,E,F,F,G
A,F,A,E,C,C
F,C,C,B,F
B,C,E,G
G,E,A,B,F
A,G,B,C,B,F,F
F,B,F,A
C,F,B
B,F,C
C,G,F
F
C,C
B,F,C
B
E
C,E,E,F,B
F,G,G,E,F,D
C,C,B,C,A
G
F,C,C
B,C,F,F,E
A,C,F
B
F,C,F,D,A,C
G,C,C,C,F
A,C,C,F
C,C,B,C
F,C,B
A,C,E,C
A,F,F,C
F
G,F,F
G,F
F,F,F,G,C,C
C,F,F,C,C,F,A
G,E,B
F,C,E,C,C,F
F,F,C,C,G,E
C,C,G,C,C
E
F,E,A,F,B
C,F,F,B,F,C,A
C
G,E,B,G,C
B,F,G,E,E,D
A,C,E
A
G,A,G
G,E,C
G
B,B,D,B,A
C,B,F,E
D,E,E
F,E,F,F
C,C,C,E
E,E
A,C,C,A,D,A
C,C,G,C,F,F
F,E,F,B,C,F,A
C,C
F,G
G,D,F
D,F,B,G,C,D,C
B,E,C,A
C,C,C,D
G,G,C
C
F,G,C,C,C,F,E
E,B,B,C,F,F
F,B
F,F,G,C,D
C,D,C,F,B,B
G,C,C,A,B
E,F,C
F,C,G,C,A
E,F,G,E
C,C,A,F
G,B,A,G,E
F,B,C
A,F,B,C,E
G,B,C,F,F,C
C,C,G,E,E,B
B,C,A,A,B
C,F
C
E,C,F,F,C,G
D,B,D,G,D,C,F
F,F,F
E,B
A,A,F
B,A,G,C,F,B
B,C,C,A,C,F,F
F,F,B
G,C,F
F,F,C
B,C,B,F,A,B,C
B,B
F,F,E,G
C,E,F,F,F,G,G
C,E
F,F,G,F,C,G,E
C,C,C
G,C,G,G,E,C,C
C,A,A
F,C,E,G,G
E,A,B,G,B,F,A
C,C,C,F
C,F,G,C,F
D
B,F,F,B,G,B
C,B,C
C,E,G,A,B
F,B,G,A,D,C
C
C,G,G,G
G
C,F,E,C,C,G
A,C,F,D,E
E,E,F
A,B,C,C,F
A,A
F,F,E,A,F,C
F,B,C,C,F
C,A,F,F,C
C,F,F,B
C,C,B,E
C
D
F,F,F,F,G
F,A,F,F,G,B,C
A,C,F,F,B,C
C,C,A,B,A,B
B,C,E,C,F,C
A,A,F,C,G,C
E,G,E,C,C,E
G,B,F,F,C,C
A,F,D,E,D,B
G,G,F,C,C,D,F
D,A,E,C
E,G
F
E
F,G,C,F
B,E,A,C,C,E,B
C,E,F,C,C
F,C
C,C,B,B,D,C
A,F,G,B,D,F
F,F,F,C,A,G
F
F,C,F
C
C
C,G,C,E,B
A,F,C,F
B
B,B,F,C,A,B
G,C,F,A,C,C,E
C,A,C
F
F,G
A
A,F,F,B,C,A,F
F,E,B,F,C
F,F
G
B,C
A
A,F
F,A,G,C,C
F
C,A,G,C,G
C,C,F,C
A,G,A,C
E,A,A,C
A,C,B,D,F,A,G
F,C,E,C,E,F,E
B,F,G,B
F,C,B,A
C,G,B
E,C,E
C,C,G
B,B
F,C,G,C,E,G
F,C,E,F
G,B,F,C,G,C,G
C,E,F,B,A,F
C
G,C,C,C,F
B,E,G
G,C,C
C,E,B
F,G,B,A,D,F,F
F,C,B,E,C
C,G,D,E,G,B
C,C,B,C,C
A,A,E,C,F,A
C,C,C
C,B,E
A,B,C,A
B,B,F
F
C
G,G,F,F,F,D,G
A,C,A,B,C,F
B,C,C,A,C,C
F,B,C,F,D,E
F,F,C,G,G,E,F
F
B,D,B
E,C,B,C
C,A
C,E,F,F,B,C
C,F,C,F,F
B,C,B
B,E
C,F
G,E,F,E,F,F
C,C,F
C,G,F
C,B,B
F,C
G,G,B,C,A,F,B
C
F,C,C,A,B
B,C,C,B,C,G,F
C,C,F
G,C,E,F,F,B
E,C,F,B,C,D,C
A,C,E,F,G,C
D,E,D,C
D,B,F,C
D,C,C
C,C,F
F,E,A
B,F
D
C,C,C,G,G
A,F,C,A,F
G,C,C,A,F
F
B,D,C,B,F,F,C
F,F,F,B,G
C,C,G,A,A,C,C
C,F,F,A
F,C,B,G
F,C,G,B,G,B,A
D,C,B,B,A,E
C
C,G,E,C,F,B,F
G,F,F,C
C,F,G
E,C
F,F,F,C,G,F,A
C,F
D,G,C,F,D,C,G
A,B,F,B,A,G
C,E,F,F
G
B,E,C
C,A,C,E,B
C,B
A,B,D
B,D,B
E
A,B,C,F,F
F,F,F,C,A
F,A,C
G,C,B,A,C,F,G
C,F,B,A
B,C,B,C,C
F,C,C,E,C,F,C
B,G,G,B
E,E,C,F,F,B
F,G,F,C,F,F,B
B,E,G,C,C,F
F,C,A,F,G,A
C,C,C,B,D,A,B
F,F,C
G,F,A,C,C
E,C,C,F
F,F,G,G,G
F,C,C,C
F
C,A,C,G,G,F,C
C,D,F
D,F,G,F,C
F,F,G,C
F,G,F,C,B,G
C,B,B
F,C,C,C,F,F,C
G
C,F,G,F,F,B
A,B
B,E
C,F,A
G,A,C,C
C,B,G,C,F,C
A,B
F,F,C,B,E
F,F,G,C,E,B,C
B,F,G
C,E,G,C,F,B
C,F,F
C,G,F
E,B,C
G,F,F
A,G,C,C
F,B
G
F,B,C,C,G,C,G
A
E,C,E,G,F
E,C,G,B,E,C,F
A,E
F,C
F,C,F,A,G
F,G,F
B,E
B,E,G,C,F,G
B,E,C,F,A,D,A
F,B,C,C,G,G,C
F,F,C,C,F
G,G,E,D,F,F
F,G,F,A,F,E
G
F
E,F,G,C,C,D,F
A,F,C,F,E,B
C
B,C,G,B,E,A,C
C,E,A,A
C,C
G,C
C,G,F,G,F,F,F
F,C,B
F,C,A
C,C,A,A,E
F,G,C,F
F,F,C,F,F,F,C
F,C,B,C,F,C
B,G,A
A,E,F
A,A,C,F
F
C,C,C,C
C,F,D,F
B,G
G,C,F,D,G,E,D
E,C,F
A,G,C,G,C,C
F,C,G,G,C,F,G
A,F
A,E,E
E,G,F,C,D,F,C
F,F,C,F,F
C,B,G,C
F
B,C,A
B,E
G,B,C,F,E
D,G,C,E,A,E
C,C,G,C,A,C,C
C,F,F,G,F
E,A,B,C,C,G,F
G,C,D,G
B,E
F,G,F,F,F
C,A,D,A,A,G
C
F,E,C,F,B
C,G,F
F,G,G,C,C,G,F
F,C,C
F,F,C,F,E,B
F,C
C,G,C,B,C,A
F,B,A
C,A,C,C
G,D,C,C,F
F
G,G
F,C,F,F
D,C,G
C,B
C,B,F
F,C,C
C,F,C
B,G,F,F,E,G
B,E,A
F,F,E,E
D,F,E
C,C,F,F,E,G,F
C,C,B,C,C
F,F,B,F,C,F
G,C,C,E
C,C
G,C,C,C
E,F
G,F,F,F,F,C
B,D,F,B,C,G,E
C,B,F,C,C,G
C,G,B,C
A
C,E,A
D,C,C,G,F
F
C,F,F,F,E,C
C,C,A,A,C
F,C,C,F,A
F,C
F,F,D,G
C,F,F,C,F
F,F,E,F,C
E
A
F
F,F,C,G,G
A,C,A,F,C,E,B
F,B
C,C,F,F,C
B,F,C,C
F,F,C,F,C,B
F,C,F,C,B,B
F,C
E,G
D,D,C,B,B,F
A
G,C
G,C,F,C,F
C
D,C,F,F,D
F,F,F,G,C,E
C,A,C,E,E
G,B,F,C,F
C,A,E
E,C
B,E,G,C,F,E,B
C,G
G
F,F,C
A,C
C,D,C
F,F,G,F,F,E
C,B,C,F,D,D
C
C,E,F,C,C,F,F
B,E,E
A,F
C,G,B
C,F,A,C
B,F,G,C
F,G,A,E
G,B,F,C
G
C,A,E,F,C,C
C
A,F,G,C,F
F,C,F
G,G,F,C,C,F,B
C,E,F
F
E,F,F,A,C,C
A,D,A,B,F
C,E,C,F
E,C,F,B
B,E
C,C,C,D,E,A
B,F
F
C,G,G
F,B,F,G,B,F
C
G,C,F,C,G
C,D,G,F,C
E,G,A,A,C,C,A
C,B
D
D,C,C,E,C,G,A
C,C,C
C,E,F,E,F
B,C,B
B
E,C,F,F,B,B,G
E,C,A,E,F,F
G,E,F,C,B,C,F
A,C,D,B
C,E,G,G,C,C,A
F,D,E,C,C
C,F,B,A
E,F,C,F
E
E,C,E,C,C,C,B
F,F,F,E,F,G
F,C,G
C,C
B,C,F
C,C,C,A,C,B,F
A,G,C,G,G,F,E
G,C,C,F
C,C
C,F,F
C,C
F,G,E,G
F,B,F
F,C,C,G,A,F
B,F,B,G
C
E,F,F,C
D,C
B,B,B,F,F,C,C
F,G,F,F,F,G
B,F,C,A,B
B,G,G,G,F,C,A
C,D,B,B,B
C,C,G,C,F
A,A,C,G,E,C,B
F,F,F,C,B,A,C
A,C,C,G
B,G
G,E,B
G,G,B
D,B,C,G,C,G
A,B
A,F,B,F,C,F,B
F,A,C,F
C,C,F,A,C,C
D,A,G
B,C,C,E
F,F,F,F,C,C
C,G,B,G,F,A
F,F,F,F,G,B
F,B,E,F,E,G
B,E,E
A,F,G,C,F,E
C
C,C
E,G,E
F,F,E,C
G,C,A,C,G
G,C,F,F,G,C,B
F,F
C,C,C,G,C
A
D,E,A,A
B,C
F,B,G,C,C,E,G
F,E,F,E,G,F,E
C,G,F,G,C,G
B,B,C,F,F
F,G,G,G
C,F,F,B,E
E,B,A,C,E
G,C,D
C,C,C,G,F,F
C
C,C,G,F,F
F,A,A,G,G,D,G
G,C,F
G,B
B,C,A,C,C,E
F,F,C
E,F,C,F
C,C,C,F
C,E,C,F,F,C,D
F,G,E,G,F
C,F,C
C,G,G,G,B,F,C
F,C,G,C,G,G
D
C,G,D
B,C,G,E,B,E,F
C
C,A
E
B,F,E,E,F
B,A,C,E,A,F
C
E,F
E,F,D,C,C
F
D,G,C,A,G
C,F,B,E,F,B
A,C,A,F
E,B,C,C,C
F,C,F,B
A,C,F,C,C,C,C
C
F,B
E,C,B,C,A,F
F,G,A
G,C,F,F,G
C,A,C,E,D,F
D,C,C
F,B,C,C,F
F,G,B,C,C,B
C,B,C
B,B
G,A,C,C,F,E,F
F,C,C
B,D,F
C,G,C,G,B,B,C
B
C,A
A
F
G,G,B,D,C,C,C
C
C
A,C,C,A,F,C,F
B,C,A,F,A
F,C,C,B,E
F,F,C
G,E
E,B,F,C,C,B
F
B,C,G,F,C,C
F,C,G,F,B
G,C
F,G,F,C,G,B,B
A,F,E,F,F
F,C,G,C,F,C
F,G,B,F
F,C,B
G,A
F,C,A,G,C,E
G,C,F,C,F
E
A
B
F,C,C,F,G,C
F,D,B,B,F
C,E
C,G,C,F,D,B,G
A,F,F
B,C,D,C,G,C,E
B,C,B,B,B,A,F
G
F,B
E,B,B,C,F
B,E,C,F
F,E,D,A
G,G,F,G,F
B,G,C
F,B,G,F,B,B
G,D,B
F,A,B,C,C,F,F
G,C,B,F,A
C,F,C,E,G,F,E
C
F
F,B,G,F,A,G
B,G,B,C,C,C,A
B,G,A,F,F
G,C,C,G,C,B
F,C,F
F,B,G,D
F,F
B,B,E,F
B
A,B,F,F,A,A
C
G,F,F
E,E
E,F,F,F,D,G
C,C,G,B,F
A,C,C
C,C,B,G
C,F,B,B,F,C,B
F,C,F,B
F,D
E,C,F,G,E,C
D
C,C,E
G,C,C,F,G,C,C
C,F,B
F,C,F
F,C,E,C,B,C,C
C,D,B,C,C
F,F,C,B
G
G,F,B,C
C,B,F,F,G,C,F
C,F,C,F
C,F
C,F,E,B,B,F
A,F,C,C,G
C,A,G
B
E,B,C,C,B
G
F,C,F,E,A
B,C,C,B
E,G,G,E
F
B
F,D,C,F,F
F,E,C,F
F,F,C
B,C
F,F,F
G,G,F,C,D,G
F
C,F,A,C,B
F,E,F,C
C,C,F,C
C,G,G,C,A
B,F,G,F,F
B,F,B
G,G,C,F,C,C
B,D,G,D,F,A,C
C,C,F,G,D,D
A,C,F,G,F,C,E
F,F,C,F,F,E,F
E,D,F,E
G,B
C,E,F,C,F,C,F
E,F,G,D,F,F
A,F,G,F,C,F
C,C,E,F,G,G
C,C
C,F,D
F
C,C,A,F,E,C,F
C
F
C
C,F,D,C,G
F,B,C,C,D
F,E,F,F,F,F
B,G
C,G,G,A,E,C
B,C,C,F,E
D,F,C,G,C
B,B
F,C,C
C,F,B
F,C,C,B
F
A,C,F
C,C,G,C,F,F,F
F,G
B,F,E,A,B,D
G
F,B,F
E,C,C,B
F,C,C,B
B,C
C,B
A
F,B,E,E,G
C,F,F,C
A,B,F,F
B,F,F,B,B,C,F
F,C
B
G
C
G,E,F,C,F
G,G,F,C,A,G,C
G,G,F,C
C,G,A,C,C
B,B
F
C,B,F,F,C,C,C
B,C,C,G,F,D,C
C
E,C,E,G,E
E,C,A,E,C,E
G,E,C
C,F,A,F
C,F,F,G,B,F,E
D,B,G,C,E,B,G
A
E,F,C,F,C,A,F
C,E,C
A,C,B,F
F,B,F,F,F,C,C
C
C,F,F
E,C,F,C,C,B,C
C,B,G,G
D,C,E
A
C
A,F,C,E,B,C,D
C,B,E,C,F,G
C,C
C,F,C,C,D
B,B
B
G,F
A,D,F,C,G
F,C,B,C
F
G,F,C,F
A,F
C,F,C,C,G
E,C,B,F
B,C
C,C,F,F,B,D,C
A,G,A,C
B,C,G,B,F,G,G
G,E
D,A,F,B
F,F
F
F
F,C,F,F,C,F
G,C,C,G
E,E,D
D,D,G,D,C,A,C
C,E
G,C,C,F,C,F,C
C
F,C,C,B,G
G,F,B,A
A,F
C,F,A,A
F,G,F,F
C,A,C,C,B,F
F
G,F,B,C
C,F,E,F,F
C,C,B,B,A,G,F
C,C,E,G,C,C,B
A,E
B,F
F
C,F,F,C
B,G,F
B,D,C,E,C,C
A,F
F,G,G,F
B,C
C,C,F,F,C,F,F
G,E
D,A,C,C,C
B,A,F,C,C
D
F,C,B,G,D,B
C,E,B,F,C,E,B
C,E,C,G
G,E
C,C,C,B,C,E
F,F,G,G,F
E,C,F,C
B,G,D,D,D
C,C
D,C
E,F,E,F,B,G
G,B,F,B
C,D,F,A,C,F,A
B,G
C
A,F,F,B,F,E
B,D,F,F
C,C,F
F,G,C,G,G,C
B,C,B
A,B,C,F
G
B
F,D,C,C,A,F
A,B
C,E,B,F,F
B
F,B,C,C,E
F,F
B,F,F
C,C,F,G,C
G,C,G
F,C
B,E,C
F,B,D,F,G,E
C,C,D,F,B,C
D,B,C
E,C,C,C
A
F,C,F,C,F,B
F,E,F,B,B,E,F
C,A,F,B
E,B,C
B,F,F,C,C,F
F,C
G,C
F,C,F,D,F
C,A
F,C,G,G,F
A,E,G,F
B,C
C,C,D,E,B,B,G
G,A,F,F,C
G,E
D,C,C,C,A,C,F
C,F,C,C,C
B,D,A,G,C
B,E,C,E
F,G,E,F,F,F,B
F,F,F,B,D,E,G
C,C,C,C,C,D,C
C
B
G,B
E
C,G,B
F,C,D,A
C,E,D
E,F,B,G,F,C
D
C,C
D
B,C,C,C,F
G
B,F,A,B
E,F,F,B,C,C,E
B,B
C,C,B,C,C,C
G,F
F,B
G,F,F,C
G,E,A,G
C,F,G
C,A,B,C,A,B
F,F
F,E,A,F,C,B,C
B,F
G,G
C,D
C,C,F,A,E,C
C,F,B,C,A,F,C
C,C,F,F,C,E,E
E
G,C,F
F
D,D,F
C,B,E
C,A,F
C,E,C,F,F,C
F,F,C,C,C
C,D,F
A,F,F,G,F
C,F,E,F,A,C,E
G,E,G,B,B
F,D,G,G,F,F,B
F
C
F,B
C,C,F,A,B,G,C
F,G
F,C,G,A,G,C,C
F
B,D,C,F,G
E,F,C,C,G,F
G,E,C,F
G,G,D,G,F
F,F
C,F,F,C
C,F,D,C,E,G
E,C,F,F
A,C,F,G,F,A
F,C,F,C,B,F
F,G
F,F,C,C,F,C
C
G,F,C
C,A,A,B,C
E
G,B
E,C,G
F
F,G
F,F,F,C,F,G
A
C
F
C,G,B,B,G,F,C
C
B
A,F,C,C,D
B,F,C,G,A
F
F,C,F,C,A,F
F,B,C,C,A,C,A
F,B,D,B,F,D
D,B,F,C,C,F
A,G,F
F,A
F,B,F,F
F,C,F,F,G,C,F
C,F,F,E,F,F
E,F,F,A,A,A,C
F,F,C
A,F,G,B,G,D,F
A,B
E,G,C,C,C
F,F
F,B,C,E,B
F
F,F,F,F,E
G,F,F,C
C,C,C
C,C
A,C,F
F,F,G
B,G,B,C,C
F
C,C
C,C
C,D,G,F,G
F
B,C,B
C,B
C
E,B,A,C,A,A
B,F,C
C,B,B,D
F
F,G,C,G,E,E
B,F,C
F,C,B,E,C,G,E
C,C,E,C,F,C
E,E
F
G,G,C,F,C,F,B
C
A,B,F,C,B,C,C
G,F,F,C,C
F,E,G
F,A,C
G,B,C,B
B,D,F
A,B
F
F
A,C,B,C
C,F,F,C,B
C,F,C,F,G
F,B,C,B,C
B,C,G,E,F,G,E
F,E,A,E,B,C
G,B,F
C,C
C,F,D,F,C,F
F,G
D,E,F,C,A,D,G
B,C
B,B,B,G,A
D,F,E,A
C,F
C,B,C,A
E
F,E,C,G
A,A
F,G
C,B,G,F,E
C,B,F,B
C
E,G,G,G
F,C,F,A
F
A,C,B,B,B,F
F,C,E,B,G,B,G
G,B,G,C,C
C,C,D,C
C,D,C,B
B,F,C,F,F
G,C,C,G,B,A
B
F,G,B,E,C,F
C
A,B,C,F,C,G,F
F,F,C,F,G,C
G,F,A,B,C,A,B
A,D,G,F,A,D
C,F,F,B,C
G
C,F,G,B,F
G,F,A
B,F,G,F,F
E,F,C,C,F
F,E,C
G
C,C,F,B
B,F,F
F,B,F,G
C,E,E
E,C,G,F
G,C,C,F,C,C
G,F,A,C,E,C,F
A,C,B,F,E
G,C,E
B,B,G,C,F,C,E
B,E,B,G
F,C,B,E,G,C
G,F,C
F,C,B
F,C,C,D,C,F,F
C,A,C,E
F,G
C,B,G,F,F,A,D
B,B,E,A,F,F,F
C,A,F
G
C,C,G,G,G,F,C
B
G
F,F,B
A,F
C,F,E,F,C,C
B,C,F
G
C,B,F
F,C,C,G
F
F,B,F
C,C,G,B,A,F
F,G,E,F,F,F
F,E,C,F,G
B,C
F,F,F,B,C,D,E
C,D,B
E
C,F,F,C,C,G,F
F,F,C
E,A,C,F,E,C
F,E,A,G
B,A,B,B
C,G,F,G
C
C,C,A,G,C,B
E,F,C,D,C
C,F,E,A,C,C,C
F,F,F
F
B,G,F,C,G,C
B,C,F
E
F,F,C,C
B,G
C,A
B,C,B
C
C,F,E
B,B,F,F
F,C
G,C,C,G,F,G,C
G,A,G
C,G,G
B,C,E,C
F,F,A,C,C,B,B
C
G,C,B,C
A,C,A
F,G,C,F,G
B,B,C
A,A,C,F
G,F,F,F,C,C
A
B,F,B,F,A
F,B,C,C,B,F,E
E,C
A,F,C,B,A,F,E
C,C,F
F,B,G
D,B,A,C,E,F
F,F,C,D,A
F,C,F,F
G,F,F,C,C
C,G,D,B,F,A,F
F,G,G,F,F
C,C,D,F,D,F,D
C
F,C
C,D,C
F,D,F,F
F,E
E,A,F,F,B,G,C
B,C,F,C
C,C,C
C,F,B,C,F
A,A,F
C,F,C,G
D,C,D,F
A,F
C,C
G,G
B
C,A,C
D,A,F
C,G,G,G,C
F,C,G,C,D
A,B
F,B,F,F,G
G,F,F
F,E
C
D,C,C,C
C,F,B,E,F,F,G
C,C,C,F,C,G,F
G,C,C
A,F,F,D,C,C
C,E,F,A,G,B,B
C,C,E,C,F,F,C
C
F,F,F
C,D,G,G
E,C,G,A,B,F,B
C,F,G,C,B,F
A
C,C,E,A
E,C,F,B,G,B,G
C,A,F,C,C
F,G,B
B,C,F
G,A
F,E,C
F,C,C,B,F,F
C,F,F,G,C,C
A,F
F,C,B,C,A,G
C,A,C,F,C,F
F
A,F,G,C,C,G,A
F,F,C,C
C,B,D,G,F
F,G
A,B,B,G
E
B,B,C,F,G
A,B
F,C,C
C,G,B,G,C,B,F
C,C,C,B,C
G,E,G,E
C,B,D,C
F,C,G,F,G,A,C
C,F,F
G,C,E
F
C,C,C
B,F,B
A,C,G,B
A,E,B
B,D,C,D
F,C,F,F,F,A
F,G,F,C,F,C
E,F,C,A,C,C
F,F,D
F
B,C,B,C,G
D,B,G,D,C
B,G,E
C,A
F,B,C,E,D,F
C
F,C
F,B,C
C,C,F,A,A
F,F,G,G,C,G,B
D,C,C,C
C,F,A,E,D
B,E
E,B,E
B,F,F,C,F,C,G
C,A,B,F,C,F,E
E,C,F,C,F
E,A,F,G,B,F,C
C,F,G
C,E
D,F,C
A,F,F,C,C
G,A,B
B,C,F
B,C,B,C,C,G
C,C
C,F
B,C,A,C,G,A,E
E,E,E,B
G,G
C,F
E,C,C,C,C
F
C,A
B,B
C
C,C,F
F,B,C,C
G
F,F
E,G
B,G,A,E
D,F,G,F
A,G,B,G,B,F,F
F,A,B,F,F
G,G,C,C,B
C,G,C,A,E,B
B
C,F,C,D
E,E,C
D,C,E,C,C
D,C,A,E,C,E,F
A,F,F,B,A,C,G
B,G,F,D
G,G,C,F,B
G,C,E,F,E,C,C
B,F,D,F
F,C,C,E,E,G,E
B,F,B,C,C,C
C
F,G,F,B,B,A,D
C,B
C,B,C
F
G,B,A
E,G,G,F,B
G,B,G
B,F,B,C,E
G,A,G
B,F,E,C,B
F,B,B,A,C,C,F
C,G,G,C,F
B,E,G,A,B
D,C
C,C,C,F,A,C
C,C,F,B,C
C,C,F,C,F,G,B
F,C,F,E
E,F
C,G,B,C
F,C,F,E,G,G,C
C,F,F,C,F,G,E
C,C
D,G,C,F,E
G,F,E,C,C,F,B
B,F,C,B
C,D,F
E,F,C,C,C
D,F,A,B,F,C
C,E,C,B,F
B,G,G,F
F,F,C,C
E,E,C
A,C,D,A,G
C,C,G,F
F,B,E,B,F,C,G
F,A,C
F,C,C,C,F
E,C
C,F,C
C,C,F,F,C,D
F,E
A,A,D,G,B,A
C,D,B
C,E,E,D
E,G,A,F
B
F
F,G,B,F,F,B,F
C,G
F,C,B,C,C
F,F,G,G
A,D,C,C,A,C
C
C,B,B
F,C,C,C,F,F
C
F,F,B
D,C,C,F,C,G,C
F,F,C,C,G
F
F,F,C
B
F,D
B,C
C,C,C
C
C,E,F,C,C
D,F,D
E,F,C
F,G,C,F,F,F,G
C,C,B,G
F,B,G
C,C,C,B,A
C,A,C,G
E,B
C,B
F,A,C,B
C,G,C,G,D,C,F
F,B,E,E,F
C,F,G,A,F
C,A,D,F,C
C,C
G,C,B,C,E,F,G
C
G,C,C
C,F,A,B,F,G
F,C,F
C,C,C,C,F
C,F,B
C,C,F
F,G
E,C,G,C,C
F,B,G,E,C
B,A,C,B
F,C,G,G,D,G,E
E
B,F,A,C
F,A
B,C,C,E
F,F,F,B
C
B,G,C,G,C
E,F,C,C,C,D,F
C,F,C,G,F,F
F,B
D,A,F,C,C,C,C
B,F,A
F,C,C,B
E,A,F,F,F,C,F
E,G,E
C,C,G,G,C,C
F,C,B,G,C,C,B
G,B,B,C,A,D
B,A,E,C,F,F
F,B,C
B,B,C,C,F,F,C
C,C,B,C,F,C,C
F
A,C,F,G,B,F
E,C,G,F,G
F,C,E,C
A,C,F,C,F,B,E
B,B,F,B
G,D,C,C,C,E
B,F,G,F,F,F
B,F,F,B,F,C
C,G,G,B
A
C,E,C
E,G,B,D,F,D,F
F,F,A,C,C,A
C,F
F,F,F,F,F
F,F,F
G,B,F
A,F,E,G,B,C
D,C,F,A,C
E
G,C,A,A,G,G,D
F,E,F,C,B
C,G,G
B,F,B,F
C,C,F,C
C,E,F,F
C,G
C,F,G,E,C
C,F,C,A,F
B,F,F,B
C,E
A,C,C,C,C
F,F,F,C
C,C,C,B,C
A,G,C
F,C,G,C,B,C,B
A,C
B,B,C,C
C,C,F,D,E,B
B,F,C
B,C,C,C,C,F
F,B,A,G,F,A
C,E,E,B,C,F,C
C
G,F,E,F,B,B,D
F,G,C
B,A,B,F
C,G,F
F,B
F,F,G,G,C
G,C
F,B,F,C,C
F,B,B,F,E,C
F
F
C,B,G,G
C,A,E,C
C,G,C,C,F
C,C,C
C,C,F
A,C,G,E,C
C,B
C,F,A
C,G,B,A,C,F,C
D,F,G,A,C
F,F
G,C,A,F,C
E,C,F
F,B,F
A,C
B,G,A,G,B,F,F
F,B,F,G,B,F
C,A,F,F,C,B
C
G,E,G,F,C,A
G,B,C,C,F
G,F,C,F,C
C,F,C,E
C,F,E,C,A,C,F
F
F,F,C,C,F,F,G
A,C,C,G,E,C,B
A,G,G
C,G,F,G,C,F
G,E
F,C,C,F,F
C,A,G,G,C,A,F
C,A,C,B,F,C
C,G,B,C,D,C,G
D,B,D,C,F,B,C
G,G,G
C
A,F,B
D,C,C,C,C
G,F,B,D,B
C,F,G
F,C,C,B
E,B
C
A,D,B,C
C,G,C,G,C,A
G,E,C,C,F
B,F,A,B
E,F
E,C,F,C,F,A
C,F,C
B,C,F
F,C,B,D,C
E,C,G,F,B
D,F,F,F,E,E,C
G,F,E
D,F,C,G,F
F,F,E,B,E
C,F,F
F,F,C,C
G,D,F
C,C,E,C,E
B,C,B,E,A,C,F
C
D
B,F,F,F,B
A
F
F,B,F,E
A,E,C
B
C,E,A
C,G,C,B
F,G,A
F,C,G
C,F,F,F,C
A,G,C,B
F,F,F
C,G,F,E,D,A,B
C,C,G
E,D,F,A,A,C,F
F
E,B,F
A,E
F,A,B
C,F
C,B,G,F,G,F,C
C
G
F,B,A,C,A
C,F,D,C,C
F,B,G,C,C,F,F
A,F,F,A,F,C
C,F,G,C,C,C,F
C,C,A
C,G
D,B,F,E
C
F,C,F,F,C
G,A,G,B,B
C,C,E,F,E,B,C
F,F
C,C,G
G
G,F,A,E
G
F,C,C,G,A,B
G,A,G,A
G,F
C,G,F,C,G,B
C
F,C,C,C,C,F
A,C,D
E,F,C,E,A
F,C,C,C,G,D
F,G,G,A,C
C,A,F,C,C,C
D,C,F,C,F,C,F
G
C,B
C,C,F
G
E,E,C,F
F
F,F,E,C
F,F,F,B,F,C,G
F,B,F,E,C
F,F,F,A,F,F,C
A,C,A,C
F,B,F,B,F
F,F
D,G,E,F,C
B,F
A,B,E,B
F,C,C,E
F,E,C
F,G,G,F,C,E,F
C,C
C,F,F,G,G,F
B,A
C,F,C,F,C
G,C,C,G,C,C
F
B,G,A,C,D,E,F
F,C,F,F
F,F,F,F
A,C,F,C,G,F,E
F,G,C,E,C
C,B
G,A
G,C,E,C
F,G,E,E
F,B,G
E
D
C,B,D
D,F,G,A,C
A,C
C,B
B,C,F
G,C,G,F,G,F
F,B,C,B,F
A,F,C,G
F,G,A
F,D,F
A,G,F,B,A,F,C
A,F,G,C
F
C,F,G,C
C,A,C,B,G
C,C,F,C,G,C,C
B
G,G,C
C
B
C,G,G,D,A,F
F,F,F
C,F,G,B,F
C,E
F,C,B,F,G,G
F,B,C,D
C,C,F
D,A
C
C,E,G
G,G,C,G
D,C,E
B,C,C,C,G
F,C,F,B,C,G,C
C,D
C,E,G,F,F,C,G
C,F,C,C,B
C
C,F
G,F,C,C,A,C,A
D,A,F,E,C,F,C
F
B,B,G,F,B
A,F,A,C,G
G,E
G,C,C
C
A,F,F,B
G,F,C,C
C,B,F,F,F,F,F
C,E,B
E,C,A,G
D,C,C,C
C,D
C,C,B,C,C,E,F
G,F,D
F
E,B,D,F,A
E
F,C
F,B,C,C,G,F
B,C,F
D,F
F,G,G,B,F,F
C,F,F,C,C,C,C
E,C,E,C,C,C,E
F,C,D,F
G,G,F,F
G,A,C,F,F
G,C,G
C,A,G
B,C
C,C
C,C,D,F
F,F,F,E,D
F,C
F,C,E,A,F,F,E
C,B,G,B,G,F
B,B
G,F,C,B,B,C,C
A,B,C,C,B
C,B,F,G,F,C,C
G,F,F
F,E,C,B,F,C
C,B,E
D,E,F,B,C,F,C
G,C,D,F,B,C,A
F,B,C,F,C,C,C
G,A,C,C,A
G,F,F,G,F,C,C
G
C,D,C,F,G,C
F,E
F
F,F
D,F,A,B,B,C,F
C,C,E
C,G,A,D,E,C
F,F,B,C,E,E
G,B,C,G,A,A,F
A,G,F
B
C,B,F,B,C,C,C
F,F,F,E
D,G
G,A,C,F
A,D,F,C,F
B
F,E,C,D,F,B,F
F,B,E,F,F
B,G,B
E,E,F,C,F
C,E
B,E,C,C
G,B,C,G
E,G,G
C,C,C,C,C,B,F
F,F,E,F,G,E,F
D,B,B,C,E
F,G
F,G
A,C,C,D,F,F,C
C,D,F,F,F,F,C
C
F,F,E,B
F,B,E,A,C,C
D,F,B,G
C
D,B,G
B,B,G,F,C,C
C,G
F
F,C,C
D
A,C,B,E,C,D
B,C,C,F,G
F,F,G,G,C
C,C,F,F
C,G,G,B,C,F,G
F,F,F,C
C,C,G
C,B,C,F
G,B,C,C,F,F
C,F,C,A,F
D,F,C
F
E,F,G
D,G,F,G,D
B,F,C,C,F,E
F,F,C,B,C,A
F,A,B
C,A,E,E,G
B,E,C
B,C,E,C,B
F,C,D,F,C
E,C,G,G
G,A,F
E
B,G,F,D
C,B,G,B,E,C
F
G,C,B,C,E,G
B,C
E,C
F,F,F,B,D,B
C,C,G,E,C,F
F
C,G,G,F,A,F
C,G
B,F,A,E,F,C,B
F,G,C,C
A,F,B,G,G
E
E,B,E,E,A,C
E,C,C,F,C
D,C,G,C,F,D
F,A,F,B,C,F,C
C,B,B
C,C,A,C
B,F,B,B,G,B
E,B,F,F,F,D,F
F,B,F,C
C,C,C,F,C
B,C,D
G,A,F,C,G,E,C
F
B,C,C,A,F,E,B
F
E
G,C,B,G,C,C
F,B,C
G,F,C,C
B,G,B,A,A,C,E
A,C,F,C
B,F,A,A,F,C,G
D,B,C,A
F,F
D
C,B,B,E,F
B,G,F
C,B
F,C
A,D,C,E,G,F,C
A,C,G,F
F,E
G
B
F,F,A
C,C,B,G,F
G,C,F,B
B,G,C,C
C,F,E,G,C,F
C,F,C,G,C,E
B,G,D,F,F
F,B,C
A,G,G,F
G
B,C,C,G,D,B
E
F,G,C,A,F,C
B,F
F,B,F,F,F,F,F
C
B,C,F,C,A,D
A,D,E
B,F,G,C,A
A,F,G
F,C,A,B,F
F,C
C,D,F,G,C,B
G,C,F,B,C,C
E,A,B,C,C,F,B
C,G,C
C,C,F
C,G,C,A,G,F
B
A
C,B,C,F
G,A,C,C,C,C
G
D,A,A,B
F,G
F,B,C
G,C,B,D,F
F,G,A,B
F,F,G,C,G
B,G,F
B
F,F
C,C,C,E,D,C
A,G,E
F,A,F,C,E
F,G,B,B,G,F
F,F,B,E
B,C,C,C
F,B,G,C,C
B,B
G,G,D,G
C,F,A,F
C,D
B,F,C,C,C,F,E
F,F,A,F,E,B
G
E
F,F,B
A,G,B
C,D
B,C,F,D,C,G
C,G,A,G,B,C,B
F,C,C,F,C,B
G,B,F,G,A,F
C
G,B,C,A,C,A
A,F,A
C,E,E,E,A,F,E
C,C,G,F,A
B,B,G
F
G,G,B,F,C,A
C,F,F,D,C,C
C,G,C,G,G,G,D
G,C,C,C,C,D,F
E,E,C,F,E
B,C,G,C
B,E
G,C,F,F,G,B,C
A,F,F
A,F,B,G
C
C
D,A,G,C,C,E,G
G,F
C
F,D
G,G,F,B,A,F,E
G
A,G,E,A
G,D,A,C
F
F,G,C,B,C,F,A
G
D,C,C
G,A,A,B,F
C,F,A,B,C
C,B
F,C,C,B,C
C,C,C,C,B,F,E
E,E
C
E,G,F,B,E,E,C
C,G,E,A,C,D
A,G,C,C,D,B
F,F,G,C,D,B
A
F,G,G,B
C,B,C,G,C,C,G
F,G,A,A,D,B
C,F,B,B,B,C
F,F,G
F,B,C,E
A,G,F
F
F,F,C,F
B,B,G,B,F,C,G
B,F
E,F,C,C
F,A
C,C,B,F,B,G,C
C,C,E,C,F
C,B,C
C
C
F,F,C,C,E,B
A
C,F,E
C,C,F
C,B,F,E,G,C
G,F,A
G,F
C,F
B,F,F
B
E,D
C,E,A
D
B,D,F,B,G,C
C,F,G,F,A
E,E,F,E
C,C
G,B,F
F,F,C
C,C
G
F,C
A
F,F,G,F,G,C,G
F,F
G,G,C,D,G,G
F
C
B,B,C,B
D,C,G,C,A,C
A,A,E,F,F,E
B,F,C,C,F
B,G,C
F,C,G,F,D
F
G,F,B
C,C
A
C,G
G
F,B,G,F,E,B
B,D,B,C,F,C
C,F
G,C,C,F,F
B
F,A,A,A
F,F,F,A,C,F
C,F,F,C,D
E,E,C,F,F
C,G,C,G,G,F,B
C,C,F,C,B,C,G
C,G,B,C,G,C,D
A,G,F
B
C,C,C,C,C
C,E,G,F,G
F,B,G,F
A,C,F,G,C,F,F
B,D,A,F,G,E,C
B,G,C,G,F
A,C,B,C,F,B,A
C,C
F,B,C,C
A,C
F,G,C,C,C,G
G,E,C,C
C,F,C,B,B,A
C,C,C,F
F,F,E,F,G
B,F,A,F
D,F
G,C,A,G,A,C
E,F,C
G
B,C,F,G,G,D,C
E,F,G,F
C,C,G,B,G,E,F
F,G,C
F,C,F,C
F,F
A,G,G,C,F
C,F,F
F,C,C
E,G,B,B,C,B,B
B
F,B
C,C,E
D,F,E
G
E,F,F,C
C,B,C,C,G
C,C,D
A,B,C
B,C,F
A,F,C,C,F
C,F,C,E,C
G,F
G,G,A,C,B,F
A,F
D,C
E
C,B
B
A,C,F,F,C,D
D,C
B,C,C
C,A,B,B
F,B,C,A,A,C,F
E
D,F,G,B
D
C
B,G
A,A,C
C,A,C
C,C,C
F
G,F,C,C
C,C,B
F,A
A,A
C
C,C,B
A,A,G,C
C,C,F,A,B
F,F,C,F,C
G,F,F,E
C
C,C
A,F
C,F,D,E
E,F,C,B,C,C
C,C,F,A,E
A,E,B,D,E
D,A,F
F,C,G,C,F,F
G,C,A,B,F
F,C,C,G,C,B,B
C
A,C,C,C,F,A
C,D,C,C
F,F,G,B,G,F,C
F,A,C,C,B,F,F
A,E,F
C
F
F,E,A
A,A
F,F
B,B,C,E,B
G,F,D
C,A
F,A,E,C
F,B,C,B
G,C,C
C,G,E,C,F
F,C,G,B,F,G,D
F,B,A,C
B,G,C,C,F
G,F,F,E
B,F
G,F,B,A
F,B,F,B,D
B,F,F,B,C,C
C,A
C,C,F
C,B,B,F,C
F,F,C
F
G,A,A
G,A,F,F,C,G
F
D,E,F
B,C,F,C,C,B
B,C,D,A,F,E,G
A,A,C,G,B
C,G
C,F,C
F,C,F,F,C,F
C
B,F,C,B,G,C
F,G,F,G,G,A
E,F,F,E
F,C,B,F
C,A,A
G
C,G,C
